Fecha,pp_em,pp_chirps,TMin,TMax,delta
2000-01-01,0.0,0.0,2.5,26.7,0.0
2000-01-02,0.0,0.0,5.5,25.1,0.0
2000-01-03,0.0,0.0,7.6,27.0,0.0
2000-01-04,0.0,0.0,1.0,18.0,0.0
2000-01-05,0.0,0.0,-3.0,24.6,0.0
2000-01-06,0.0,0.0,-1.3,24.0,0.0
2000-01-07,0.0,0.0,3.0,24.0,0.0
2000-01-08,0.0,0.0,-2.0,,0.0
2000-01-09,0.0,0.0,4.4,25.0,0.0
2000-01-10,0.0,0.0,-1.0,25.2,0.0
2000-01-11,0.0,0.0,-0.1,27.0,0.0
2000-01-12,,0.0,3.0,21.8,
2000-01-13,,0.0,2.0,26.4,
2000-01-14,0.0,0.0,2.5,26.2,0.0
2000-01-15,0.0,0.0,3.3,16.8,0.0
2000-01-16,0.0,0.0,3.0,24.2,0.0
2000-01-17,0.0,0.0,3.0,24.0,0.0
2000-01-18,0.0,0.0,1.8,24.8,0.0
2000-01-19,0.0,0.0,0.0,25.7,0.0
2000-01-20,0.0,0.0,0.8,26.0,0.0
2000-01-21,0.0,0.0,0.2,26.8,0.0
2000-01-22,0.0,0.0,4.3,28.0,0.0
2000-01-23,0.0,0.0,1.0,24.8,0.0
2000-01-24,0.0,0.0,1.6,27.3,0.0
2000-01-25,0.0,0.0,3.5,27.0,0.0
2000-01-26,,0.0,3.6,29.0,
2000-01-27,,0.0,8.0,21.2,
2000-01-28,0.0,0.0,2.4,22.8,0.0
2000-01-29,0.0,0.0,-0.3,28.8,0.0
2000-01-30,0.0,0.0,-1.0,26.2,0.0
2000-01-31,0.0,0.0,3.0,25.8,0.0
2000-02-01,0.0,0.0,4.1,25.6,0.0
2000-02-02,,0.0,2.2,20.1,
2000-02-03,0.0,0.0,0.0,19.0,0.0
2000-02-04,0.0,0.0,-2.9,23.0,0.0
2000-02-05,0.0,0.0,-1.2,26.3,0.0
2000-02-06,0.0,0.0,5.0,26.0,0.0
2000-02-07,0.0,0.0,4.0,26.0,0.0
2000-02-08,0.0,0.0,1.8,24.8,0.0
2000-02-09,0.0,0.0,0.0,28.0,0.0
2000-02-10,,0.0,4.8,30.3,
2000-02-11,0.0,0.0,4.8,30.0,0.0
2000-02-12,0.0,0.0,9.8,28.0,0.0
2000-02-13,0.0,0.0,4.8,30.0,0.0
2000-02-14,0.0,0.0,5.3,30.0,0.0
2000-02-15,0.0,0.0,5.2,30.0,0.0
2000-02-16,0.0,0.0,5.0,30.4,0.0
2000-02-17,0.0,0.0,9.3,30.8,0.0
2000-02-18,0.0,0.0,7.0,31.0,0.0
2000-02-19,0.0,0.0,3.6,,0.0
2000-02-20,0.0,0.0,7.0,28.0,0.0
2000-02-21,0.0,0.0,8.2,29.0,0.0
2000-02-22,0.0,0.0,8.3,27.0,0.0
2000-02-23,0.0,0.0,4.0,30.1,0.0
2000-02-24,,0.0,6.0,26.9,
2000-02-25,0.0,0.0,5.0,29.0,0.0
2000-02-26,0.0,0.0,3.7,27.8,0.0
2000-02-27,0.0,0.0,4.8,29.6,0.0
2000-02-28,0.0,0.0,5.8,30.0,0.0
2000-02-29,0.0,1.5307610034942627,10.0,29.4,-1.5307610034942627
2000-03-01,0.0,0.0,12.0,28.3,0.0
2000-03-02,,0.0,9.0,29.7,
2000-03-03,0.0,0.0,9.0,30.0,0.0
2000-03-04,0.0,1.482579469680786,11.7,29.6,-1.482579469680786
2000-03-05,0.0,0.0,7.2,26.8,0.0
2000-03-06,0.0,0.0,3.3,25.0,0.0
2000-03-07,,0.0,5.0,26.7,
2000-03-08,0.0,0.0,1.5,28.0,0.0
2000-03-09,0.0,0.0,4.8,29.4,0.0
2000-03-10,0.0,0.0,6.5,,0.0
2000-03-11,0.0,0.0,3.1,29.1,0.0
2000-03-12,0.0,0.0,6.0,29.2,0.0
2000-03-13,0.0,0.0,5.8,29.5,0.0
2000-03-14,0.0,0.0,4.0,27.3,0.0
2000-03-15,0.0,0.0,6.0,26.2,0.0
2000-03-16,,0.0,5.2,28.0,
2000-03-17,0.0,0.0,4.0,29.0,0.0
2000-03-18,0.0,0.0,5.4,27.1,0.0
2000-03-19,0.0,0.0,3.0,28.8,0.0
2000-03-20,0.0,0.0,8.7,27.0,0.0
2000-03-21,0.0,0.0,5.2,27.0,0.0
2000-03-22,0.0,0.0,9.5,27.0,0.0
2000-03-23,,0.0,7.0,30.1,
2000-03-24,0.0,0.0,7.0,28.8,0.0
2000-03-25,0.0,0.0,7.1,31.3,0.0
2000-03-26,0.0,0.0,7.8,31.1,0.0
2000-03-27,0.0,0.0,9.8,32.0,0.0
2000-03-28,0.0,0.0,11.3,29.0,0.0
2000-03-29,0.0,0.0,10.0,29.0,0.0
2000-03-30,,0.0,12.0,30.8,
2000-03-31,0.0,0.0,12.0,29.3,0.0
2000-04-01,0.0,0.6265462040901184,12.9,21.3,-0.6265462040901184
2000-04-02,0.0,0.0,10.8,23.2,0.0
2000-04-03,0.0,0.0,5.8,25.0,0.0
2000-04-04,0.0,0.0,2.6,29.0,0.0
2000-04-05,0.0,0.0,6.5,30.2,0.0
2000-04-06,,0.0,6.6,30.0,
2000-04-07,0.0,0.0,6.0,31.0,0.0
2000-04-08,,0.0,7.1,32.0,
2000-04-09,0.0,0.0,11.0,32.5,0.0
2000-04-10,0.0,0.6491300463676453,11.5,28.8,-0.6491300463676453
2000-04-11,0.0,0.0,7.4,29.2,0.0
2000-04-12,0.0,0.0,7.5,30.3,0.0
2000-04-13,,0.0,6.0,30.1,
2000-04-14,0.0,0.0,8.0,32.8,0.0
2000-04-15,0.0,0.0,10.9,31.7,0.0
2000-04-16,0.0,0.0,9.9,33.0,0.0
2000-04-17,0.0,0.0,9.1,35.3,0.0
2000-04-18,0.0,0.0,11.9,35.0,0.0
2000-04-19,,0.7459908723831177,11.9,34.2,
2000-04-20,,0.0,12.0,36.0,
2000-04-21,0.0,0.0,17.0,36.0,0.0
2000-04-22,,0.3638389706611633,13.3,33.9,
2000-04-23,0.0,0.3638389706611633,15.6,32.2,-0.3638389706611633
2000-04-24,0.0,0.0,11.8,36.0,0.0
2000-04-25,0.0,0.0,11.5,36.0,0.0
2000-04-26,0.0,0.0,14.0,34.2,0.0
2000-04-27,,0.0,12.0,33.0,
2000-04-28,0.0,0.0,11.5,33.6,0.0
2000-04-29,1.5,0.0,10.5,33.1,1.5
2000-04-30,0.0,0.0,12.0,34.9,0.0
2000-05-01,0.0,0.0,10.4,33.5,0.0
2000-05-02,0.0,0.0,10.9,33.0,0.0
2000-05-03,0.0,0.0,11.0,32.6,0.0
2000-05-04,0.0,0.0,10.0,34.0,0.0
2000-05-05,0.0,0.0,9.5,32.4,0.0
2000-05-06,0.0,0.0,11.7,30.6,0.0
2000-05-07,0.0,0.0,10.3,33.8,0.0
2000-05-08,0.0,0.0,13.0,34.0,0.0
2000-05-09,0.0,0.0,12.8,35.0,0.0
2000-05-10,0.0,0.0,15.5,36.0,0.0
2000-05-11,,0.0,17.0,34.0,
2000-05-12,0.0,0.0,16.0,35.0,0.0
2000-05-13,0.0,0.0,14.5,35.9,0.0
2000-05-14,0.0,0.0,16.8,32.8,0.0
2000-05-15,0.0,3.4563260078430176,11.2,35.0,-3.4563260078430176
2000-05-16,0.0,0.0,14.9,36.0,0.0
2000-05-17,0.0,0.0,17.0,33.8,0.0
2000-05-18,,0.0,16.0,34.0,
2000-05-19,,0.0,15.5,34.8,
2000-05-20,0.0,0.0,17.9,34.8,0.0
2000-05-21,0.0,0.0,16.0,33.1,0.0
2000-05-22,5.4,0.0,14.8,32.2,5.4
2000-05-23,0.0,0.0,15.0,36.0,0.0
2000-05-24,0.0,0.0,18.0,36.9,0.0
2000-05-25,,0.0,20.4,35.0,
2000-05-26,0.0,0.0,17.0,36.0,0.0
2000-05-27,0.0,0.0,15.4,35.0,0.0
2000-05-28,0.0,0.0,16.8,32.0,0.0
2000-05-29,0.1,0.0,16.2,28.0,0.1
2000-05-30,0.1,8.647587776184082,15.0,32.9,-8.547587776184082
2000-05-31,2.7,0.0,13.5,30.0,2.7
2000-06-01,0.0,4.099708557128906,14.0,30.0,-4.099708557128906
2000-06-02,3.5,0.0,16.1,32.0,3.5
2000-06-03,7.2,12.29912567138672,14.3,30.4,-5.09912567138672
2000-06-04,18.6,12.29912567138672,14.6,29.5,6.300874328613281
2000-06-05,10.8,4.099708557128906,13.3,28.4,6.7002914428710945
2000-06-06,0.5,0.0,15.5,26.0,0.5
2000-06-07,10.8,0.0,15.0,25.2,10.8
2000-06-08,10.4,14.94700813293457,14.4,27.1,-4.54700813293457
2000-06-09,1.1,0.0,14.5,30.8,1.1
2000-06-10,0.7,0.0,14.6,33.8,0.7
2000-06-11,,2.3818459510803223,16.0,32.8,
2000-06-12,0.0,2.3818459510803223,16.8,30.0,-2.3818459510803223
2000-06-13,0.0,0.0,16.2,32.0,0.0
2000-06-14,5.9,7.145537376403809,15.8,29.0,-1.2455373764038082
2000-06-15,,0.0,15.0,31.5,
2000-06-16,0.0,7.243879795074463,16.5,31.8,-7.243879795074463
2000-06-17,1.4,0.0,15.4,33.5,1.4
2000-06-18,1.3,3.621939897537232,17.0,31.0,-2.3219398975372316
2000-06-19,0.0,0.0,16.9,32.0,0.0
2000-06-20,0.0,0.0,17.0,33.0,0.0
2000-06-21,0.0,0.0,16.4,31.5,0.0
2000-06-22,0.1,0.0,18.4,31.0,0.1
2000-06-23,28.1,19.056730270385746,15.4,25.5,9.043269729614256
2000-06-24,,0.0,15.9,31.3,
2000-06-25,,6.352243423461914,15.5,30.0,
2000-06-26,40.6,9.768872261047363,15.0,30.2,30.831127738952638
2000-06-27,15.0,0.0,16.5,29.8,15.0
2000-06-28,0.0,0.0,14.0,31.0,0.0
2000-06-29,0.0,0.0,14.6,31.0,0.0
2000-06-30,0.0,0.0,17.0,32.1,0.0
2000-07-01,0.0,0.0,16.5,32.3,0.0
2000-07-02,1.7,0.0,15.4,30.0,1.7
2000-07-03,1.0,0.0,15.2,30.5,1.0
2000-07-04,23.3,37.19606018066406,15.2,28.0,-13.896060180664062
2000-07-05,0.9,0.0,13.0,28.0,0.9
2000-07-06,0.2,0.0,14.0,27.0,0.2
2000-07-07,2.0,0.0,12.0,30.6,2.0
2000-07-08,1.3,0.0,14.0,28.4,1.3
2000-07-09,,0.0,14.2,30.4,
2000-07-10,0.3,0.0,13.8,,0.3
2000-07-11,5.3,3.5836880207061768,13.9,30.8,1.716311979293823
2000-07-12,1.0,3.5836880207061768,13.4,31.4,-2.5836880207061768
2000-07-13,1.5,0.0,14.8,30.3,1.5
2000-07-14,20.9,3.5836880207061768,14.0,30.8,17.316311979293822
2000-07-15,0.3,3.5836880207061768,11.8,31.9,-3.283688020706177
2000-07-16,,0.0,13.0,31.2,
2000-07-17,4.0,2.4596400260925293,13.5,32.2,1.5403599739074707
2000-07-18,0.0,0.0,14.0,32.0,0.0
2000-07-19,0.0,0.0,11.5,31.9,0.0
2000-07-20,,0.0,14.2,32.0,
2000-07-21,0.0,0.0,15.0,32.4,0.0
2000-07-22,0.3,0.0,13.4,31.8,0.3
2000-07-23,0.2,0.0,13.2,31.8,0.2
2000-07-24,0.6,0.0,14.4,31.8,0.6
2000-07-25,0.0,0.0,13.6,32.0,0.0
2000-07-26,0.0,0.0,12.5,32.8,0.0
2000-07-27,,0.0,13.0,31.8,
2000-07-28,0.0,0.0,12.0,31.8,0.0
2000-07-29,0.0,0.0,13.2,30.0,0.0
2000-07-30,1.3,0.0,14.0,28.1,1.3
2000-07-31,,0.0,13.2,30.0,
2000-08-01,0.4,3.576213121414185,16.0,30.0,-3.176213121414185
2000-08-02,7.6,7.152426242828369,13.0,28.3,0.4475737571716305
2000-08-03,7.7,3.576213121414185,13.0,27.3,4.123786878585815
2000-08-04,0.0,0.0,12.6,28.8,0.0
2000-08-05,0.0,3.576213121414185,15.5,,-3.576213121414185
2000-08-06,0.8,3.818585634231568,14.0,30.2,-3.0185856342315676
2000-08-07,0.0,0.0,13.4,31.4,0.0
2000-08-08,0.0,7.637171268463135,14.2,30.2,-7.637171268463135
2000-08-09,1.4,7.637171268463135,13.0,28.8,-6.237171268463134
2000-08-10,0.2,0.0,12.8,30.2,0.2
2000-08-11,0.0,0.0,14.5,31.0,0.0
2000-08-12,0.0,4.949349880218506,14.1,31.0,-4.949349880218506
2000-08-13,4.4,0.0,13.0,28.0,4.4
2000-08-14,1.3,4.949349880218506,14.0,30.2,-3.649349880218506
2000-08-15,5.8,0.0,12.8,31.0,5.8
2000-08-16,0.0,0.0,16.3,30.3,0.0
2000-08-17,14.6,9.998787879943848,11.6,30.7,4.601212120056152
2000-08-18,0.0,0.0,11.8,31.0,0.0
2000-08-19,0.0,0.0,18.0,31.4,0.0
2000-08-20,0.0,0.0,11.8,31.5,0.0
2000-08-21,0.0,0.0,16.7,30.0,0.0
2000-08-22,3.2,0.0,14.0,37.2,3.2
2000-08-23,0.0,0.0,14.0,27.2,0.0
2000-08-24,2.2,0.0,15.0,30.0,2.2
2000-08-25,0.7,0.0,13.0,31.0,0.7
2000-08-26,1.7,0.0,13.2,30.9,1.7
2000-08-27,0.0,0.0,12.4,29.7,0.0
2000-08-28,0.0,0.0,14.1,30.2,0.0
2000-08-29,0.0,0.0,11.7,32.0,0.0
2000-08-30,0.0,0.0,14.0,30.0,0.0
2000-08-31,0.0,11.603285789489746,14.0,29.8,-11.603285789489746
2000-09-01,,4.134244918823242,,32.4,
2000-09-02,0.0,0.0,14.3,30.8,0.0
2000-09-03,0.0,0.0,14.0,31.0,0.0
2000-09-04,0.0,0.0,16.9,32.0,0.0
2000-09-05,0.0,0.0,15.0,31.9,0.0
2000-09-06,0.0,0.0,13.0,31.7,0.0
2000-09-07,,0.0,19.0,31.9,
2000-09-08,0.0,0.0,12.0,32.0,0.0
2000-09-09,0.0,0.0,11.0,31.3,0.0
2000-09-10,0.0,0.0,17.0,33.5,0.0
2000-09-11,,0.0,13.0,33.7,
2000-09-12,0.0,0.0,14.0,32.6,0.0
2000-09-13,0.0,0.0,17.0,31.4,0.0
2000-09-14,,0.0,18.0,25.8,
2000-09-15,16.2,31.4843807220459,14.0,26.0,-15.2843807220459
2000-09-16,,20.144746780395508,15.3,22.6,
2000-09-17,,0.0,14.0,26.2,
2000-09-18,0.0,0.0,11.7,28.5,0.0
2000-09-19,0.0,0.0,12.0,30.0,0.0
2000-09-20,0.0,6.7149152755737305,13.0,30.5,-6.7149152755737305
2000-09-21,,0.0,13.0,30.5,
2000-09-22,0.0,10.702969551086426,16.2,30.2,-10.702969551086426
2000-09-23,0.0,0.0,14.4,30.6,0.0
2000-09-24,,0.0,14.0,31.0,
2000-09-25,1.0,2.6757423877716064,15.7,28.5,-1.6757423877716064
2000-09-26,0.0,0.0,15.3,28.8,0.0
2000-09-27,0.0,0.0,12.2,29.5,0.0
2000-09-28,,0.0,11.8,28.8,
2000-09-29,0.0,0.0,8.5,29.0,0.0
2000-09-30,0.0,0.0,6.8,28.0,0.0
2000-10-01,,0.0,6.0,30.1,
2000-10-02,0.0,0.0,8.4,31.0,0.0
2000-10-03,0.0,0.0,6.1,31.0,0.0
2000-10-04,0.0,0.0,6.5,31.9,0.0
2000-10-05,0.0,0.0,8.0,32.1,0.0
2000-10-06,,0.0,12.0,32.0,
2000-10-07,23.9,0.0,15.2,27.0,23.9
2000-10-08,,0.0,14.0,24.0,
2000-10-09,19.0,0.0,9.5,19.6,19.0
2000-10-10,2.9,0.0,10.0,23.0,2.9
2000-10-11,1.0,0.0,9.5,28.3,1.0
2000-10-12,5.4,0.0,10.0,29.0,5.4
2000-10-13,0.0,0.0,11.0,29.0,0.0
2000-10-14,0.1,7.716342926025391,8.8,27.9,-7.616342926025391
2000-10-15,,0.0,10.0,27.4,
2000-10-16,0.0,0.0,8.1,28.5,0.0
2000-10-17,0.0,0.0,10.0,28.8,0.0
2000-10-18,31.2,7.44713830947876,10.5,27.1,23.75286169052124
2000-10-19,,0.0,11.6,27.8,
2000-10-20,0.0,22.34141540527344,10.8,26.0,-22.34141540527344
2000-10-21,1.7,0.0,8.0,20.0,1.7
2000-10-22,1.1,0.0,6.4,25.0,1.1
2000-10-23,,0.0,9.8,28.5,
2000-10-24,0.0,0.0,9.3,28.5,0.0
2000-10-25,0.7,0.0,10.0,29.4,0.7
2000-10-26,,0.0,11.0,29.2,
2000-10-27,0.0,0.0,7.8,29.0,0.0
2000-10-28,0.0,0.0,8.8,27.0,0.0
2000-10-29,,0.0,6.0,29.1,
2000-10-30,0.0,0.0,7.1,,0.0
2000-11-01,0.0,0.7500371336936951,9.3,25.0,-0.7500371336936951
2000-11-02,,0.0,13.0,27.5,
2000-11-03,1.4,0.7500371336936951,9.3,25.0,0.6499628663063048
2000-11-04,0.0,0.7500371336936951,10.8,22.8,-0.7500371336936951
2000-11-05,0.0,0.0,6.5,25.0,0.0
2000-11-06,0.0,0.0,3.8,24.0,0.0
2000-11-07,0.0,0.0,8.0,21.1,0.0
2000-11-08,,0.0,0.8,25.8,
2000-11-09,0.0,0.0,2.0,27.0,0.0
2000-11-10,0.0,0.0,2.2,26.8,0.0
2000-11-11,,0.0,7.4,26.0,
2000-11-12,0.0,0.0,8.8,29.0,0.0
2000-11-13,0.0,1.2596904039382937,7.6,28.5,-1.2596904039382937
2000-11-14,0.0,0.0,8.0,26.1,0.0
2000-11-15,,0.0,10.2,23.0,
2000-11-16,0.0,0.0,11.0,25.2,0.0
2000-11-17,0.0,0.0,11.7,24.4,0.0
2000-11-18,,0.824236273765564,7.0,22.0,
2000-11-19,0.0,0.0,3.9,22.0,0.0
2000-11-20,0.0,0.0,4.3,25.0,0.0
2000-11-21,0.0,0.0,5.0,27.8,0.0
2000-11-22,,0.0,9.0,22.0,
2000-11-23,0.0,0.8390272855758667,5.0,22.8,-0.8390272855758667
2000-11-24,0.0,2.5170819759368896,0.7,25.6,-2.5170819759368896
2000-11-25,0.0,0.0,-1.0,23.9,0.0
2000-11-26,0.0,0.0,8.1,21.0,0.0
2000-11-27,0.0,2.222009420394897,1.8,27.0,-2.222009420394897
2000-11-28,0.0,0.0,2.5,26.2,0.0
2000-11-29,0.0,0.0,5.0,26.2,0.0
2000-12-01,,0.0,3.4,26.6,
2000-12-02,0.0,1.6879624128341677,3.7,23.0,-1.6879624128341677
2000-12-03,,0.0,5.0,25.0,
2000-12-04,0.0,0.0,3.1,22.0,0.0
2000-12-05,0.0,0.0,2.0,24.0,0.0
2000-12-06,0.0,0.0,1.5,22.3,0.0
2000-12-07,0.0,0.0,1.1,25.2,0.0
2000-12-08,5.0,0.0,2.0,25.8,5.0
2000-12-09,0.0,0.0,3.2,27.2,0.0
2000-12-10,0.0,0.0,2.2,28.8,0.0
2000-12-11,0.0,0.0,1.4,27.0,0.0
2000-12-12,0.0,0.0,7.8,24.0,0.0
2000-12-13,0.0,0.0,3.0,25.2,0.0
2000-12-14,,0.0,0.0,27.8,
2000-12-15,0.0,0.0,4.0,28.9,0.0
2000-12-16,,0.0,1.4,25.8,
2000-12-17,0.0,0.0,-2.0,26.8,0.0
2000-12-18,0.0,0.0,4.0,25.2,0.0
2000-12-19,0.0,0.0,-0.8,19.5,0.0
2000-12-20,,0.0,-3.0,25.1,
2000-12-21,,0.0,-0.4,24.0,
2000-12-22,0.0,0.0,0.2,26.4,0.0
2000-12-23,0.0,0.0,2.8,25.4,0.0
2000-12-24,0.0,0.0,2.0,25.0,0.0
2000-12-25,0.0,0.0,3.0,22.1,0.0
2000-12-26,0.0,1.601323485374451,6.0,20.0,-1.601323485374451
2000-12-27,0.0,0.5337744951248169,8.0,12.3,-0.5337744951248169
2000-12-28,,2.135097980499268,6.0,10.6,
2000-12-29,0.8,0.0,0.2,19.0,0.8
2000-12-30,0.0,0.0,0.0,23.0,0.0
2000-12-31,,0.0,7.0,23.6,
2001-01-01,0.0,0.0,2.0,23.0,0.0
2001-01-02,0.0,2.2072527408599854,2.0,23.2,-2.2072527408599854
2001-01-03,0.0,0.0,6.8,18.1,0.0
2001-01-04,0.0,0.0,4.0,23.2,0.0
2001-01-05,0.0,0.0,4.0,25.0,0.0
2001-01-06,0.0,0.0,3.8,27.0,0.0
2001-01-07,0.0,0.0,7.4,24.0,0.0
2001-01-08,0.0,0.0,5.4,24.8,0.0
2001-01-09,0.0,0.0,5.8,22.0,0.0
2001-01-10,0.0,0.0,8.8,21.0,0.0
2001-01-11,0.0,0.0,-2.0,25.0,0.0
2001-01-12,0.0,0.0,4.4,25.0,0.0
2001-01-13,0.0,0.0,8.2,22.8,0.0
2001-01-14,0.0,0.0,6.0,26.0,0.0
2001-01-15,0.0,0.0,10.2,25.4,0.0
2001-01-16,0.0,0.0,6.1,23.0,0.0
2001-01-17,0.0,0.0,4.0,21.8,0.0
2001-01-18,0.0,0.0,9.6,17.0,0.0
2001-01-19,0.0,0.0,0.2,17.0,0.0
2001-01-20,0.0,0.0,-5.8,23.6,0.0
2001-01-21,0.0,0.0,0.0,21.8,0.0
2001-01-22,0.0,0.0,0.0,21.8,0.0
2001-01-23,0.0,0.0,3.8,25.2,0.0
2001-01-24,0.0,0.0,1.5,24.8,0.0
2001-01-25,0.0,0.0,2.6,27.4,0.0
2001-01-26,0.0,0.0,8.0,27.0,0.0
2001-01-27,0.0,0.0,1.8,23.5,0.0
2001-01-28,0.0,0.0,7.0,22.4,0.0
2001-01-29,0.0,2.861525058746338,6.8,22.8,-2.861525058746338
2001-01-30,0.0,0.0,5.8,25.3,0.0
2001-01-31,0.0,0.0,6.0,25.0,0.0
2001-02-01,0.0,0.0,1.6,23.0,0.0
2001-02-02,0.0,0.0,6.0,11.8,0.0
2001-02-03,0.0,0.0,3.1,19.4,0.0
2001-02-04,0.0,0.0,0.6,23.0,0.0
2001-02-05,0.0,0.0,0.5,24.0,0.0
2001-02-06,0.0,0.0,0.2,26.4,0.0
2001-02-07,0.0,0.0,5.0,24.8,0.0
2001-02-08,0.0,0.0,6.0,24.0,0.0
2001-02-09,0.0,0.0,7.2,23.0,0.0
2001-02-10,1.0,0.0,10.2,27.5,1.0
2001-02-11,0.0,0.0,11.6,29.7,0.0
2001-02-12,0.0,0.0,7.8,29.0,0.0
2001-02-13,0.0,0.0,11.4,24.4,0.0
2001-02-14,0.0,0.0,9.0,24.0,0.0
2001-02-15,0.0,0.0,9.0,23.2,0.0
2001-02-16,0.0,0.0,2.0,27.8,0.0
2001-02-17,0.0,0.0,0.9,27.2,0.0
2001-02-18,,0.0,4.2,30.4,
2001-02-19,0.0,0.0,8.8,25.2,0.0
2001-02-20,0.1,0.0,8.2,26.0,0.1
2001-02-21,0.0,0.0,9.5,25.1,0.0
2001-02-22,0.0,0.0,10.0,24.8,0.0
2001-02-23,0.0,0.0,9.0,29.8,0.0
2001-02-24,,0.0,6.3,24.0,
2001-02-25,,0.0,5.4,21.8,
2001-02-26,0.0,0.0,3.5,23.8,0.0
2001-02-27,0.0,0.0,5.0,22.2,0.0
2001-02-28,0.0,0.0,5.0,25.0,0.0
2001-03-01,,4.5773444175720215,9.0,21.3,
2001-03-02,17.8,4.5773444175720215,5.0,21.2,13.22265558242798
2001-03-03,,0.0,-2.4,19.8,
2001-03-04,0.0,0.0,-1.6,23.8,0.0
2001-03-05,0.0,0.0,2.6,27.6,0.0
2001-03-06,,1.7758630514144895,9.8,27.0,
2001-03-07,0.0,0.0,7.0,24.8,0.0
2001-03-08,,0.0,8.4,23.2,
2001-03-09,0.0,0.0,2.5,28.7,0.0
2001-03-10,,0.0,4.1,27.4,
2001-03-11,0.0,0.0,10.0,23.0,0.0
2001-03-12,0.0,0.0,4.8,24.0,0.0
2001-03-13,0.0,0.0,5.2,24.8,0.0
2001-03-14,0.0,0.0,12.0,22.0,0.0
2001-03-15,,0.0,0.8,20.2,
2001-03-16,0.0,0.0,2.2,26.8,0.0
2001-03-17,,0.0,1.9,,
2001-03-18,0.0,0.0,2.0,21.0,0.0
2001-03-19,0.0,0.0,3.8,21.5,0.0
2001-03-20,0.0,0.0,5.0,22.2,0.0
2001-03-21,0.0,0.0,5.0,25.3,0.0
2001-03-22,,0.0,8.2,29.6,
2001-03-23,0.0,0.0,8.0,30.0,0.0
2001-03-24,,0.0,7.5,30.6,
2001-03-25,0.0,0.0,8.0,25.0,0.0
2001-03-26,0.0,0.0,8.7,24.5,0.0
2001-03-27,0.0,0.0,7.2,26.0,0.0
2001-03-28,0.0,0.0,5.5,22.0,0.0
2001-03-29,,0.0,7.0,22.4,
2001-03-30,0.0,0.0,9.0,30.0,0.0
2001-03-31,,0.0,7.8,30.6,
2001-04-01,0.0,0.0,6.0,31.0,0.0
2001-04-02,0.0,0.0,9.2,33.0,0.0
2001-04-03,0.0,0.0,8.5,32.2,0.0
2001-04-04,0.0,0.0,7.2,35.2,0.0
2001-04-05,,0.0,8.0,29.6,
2001-04-06,0.0,1.83933174610138,12.5,34.0,-1.83933174610138
2001-04-07,0.0,0.0,11.0,29.6,0.0
2001-04-08,0.0,0.0,9.0,33.8,0.0
2001-04-09,0.0,0.0,10.1,30.1,0.0
2001-04-10,0.0,0.0,12.8,28.0,0.0
2001-04-11,0.0,0.0,10.0,26.8,0.0
2001-04-12,,0.0,11.5,29.2,
2001-04-13,0.0,0.0,12.0,35.0,0.0
2001-04-14,,0.0,12.0,34.5,
2001-04-15,,0.0,11.0,35.0,
2001-04-16,0.0,0.0,13.0,36.2,0.0
2001-04-17,0.0,0.0,13.7,30.8,0.0
2001-04-18,0.0,0.0,14.0,26.1,0.0
2001-04-19,,1.1411938667297363,10.0,29.2,
2001-04-20,0.0,1.1411938667297363,14.0,35.2,-1.1411938667297363
2001-04-21,,0.0,10.2,34.0,
2001-04-22,,0.0,12.0,31.0,
2001-04-23,0.0,0.0,10.5,32.0,0.0
2001-04-24,0.0,0.0,1.3,32.8,0.0
2001-04-25,11.8,0.0,12.0,24.8,11.8
2001-04-26,0.0,0.0,11.0,23.6,0.0
2001-04-27,4.4,0.0,10.0,29.4,4.4
2001-04-28,,0.0,10.9,29.6,
2001-04-29,0.0,0.0,12.0,30.5,0.0
2001-04-30,0.0,0.0,10.7,32.0,0.0
2001-05-01,0.0,0.0,13.5,31.6,0.0
2001-05-02,0.0,0.0,15.8,29.1,0.0
2001-05-03,0.0,2.8799588680267334,14.0,21.8,-2.8799588680267334
2001-05-04,0.0,0.0,11.0,28.0,0.0
2001-05-05,0.0,0.0,7.0,32.0,0.0
2001-05-06,0.0,0.0,10.0,32.5,0.0
2001-05-07,0.0,0.0,11.8,28.8,0.0
2001-05-08,0.0,0.0,10.0,29.7,0.0
2001-05-09,0.0,0.0,13.5,29.8,0.0
2001-05-10,,0.0,11.0,25.6,
2001-05-11,0.0,0.0,12.0,30.0,0.0
2001-05-12,,4.047155857086182,11.1,29.9,
2001-05-13,,4.047155857086182,11.0,28.2,
2001-05-14,7.3,4.047155857086182,9.4,28.4,3.252844142913818
2001-05-15,0.0,0.0,10.0,26.3,0.0
2001-05-16,0.0,0.0,12.0,32.0,0.0
2001-05-17,,0.0,13.2,31.0,
2001-05-18,0.0,0.0,15.0,32.0,0.0
2001-05-19,,0.0,16.1,29.3,
2001-05-20,0.0,0.0,14.8,32.5,0.0
2001-05-21,0.0,0.0,16.0,32.0,0.0
2001-05-22,,0.0,12.1,34.8,
2001-05-23,0.0,0.0,14.0,33.0,0.0
2001-05-24,,0.0,13.0,29.4,
2001-05-25,0.0,0.0,13.5,34.0,0.0
2001-05-26,0.0,0.0,14.3,34.9,0.0
2001-05-27,0.0,0.0,12.2,35.8,0.0
2001-05-28,,0.0,13.8,37.0,
2001-05-29,0.0,0.0,16.7,36.2,0.0
2001-05-30,0.0,1.129986047744751,18.0,36.2,-1.129986047744751
2001-05-31,,1.129986047744751,16.0,30.8,
2001-06-01,0.0,0.0,15.0,35.0,0.0
2001-06-02,,2.290935754776001,15.6,33.7,
2001-06-03,,0.0,15.0,33.0,
2001-06-04,2.0,0.0,17.0,33.0,2.0
2001-06-05,,0.0,14.0,33.2,
2001-06-06,0.0,0.0,15.0,34.7,0.0
2001-06-07,,0.0,14.0,32.2,
2001-06-08,0.0,3.6845569610595694,14.2,33.0,-3.6845569610595694
2001-06-09,,0.0,14.4,31.6,
2001-06-10,0.0,0.0,16.2,34.8,0.0
2001-06-11,,0.0,17.7,34.1,
2001-06-12,0.0,5.37686824798584,17.0,35.4,-5.37686824798584
2001-06-13,0.0,0.0,16.2,34.3,0.0
2001-06-14,,0.0,15.0,35.0,
2001-06-15,3.6,5.37686824798584,14.0,34.0,-1.7768682479858398
2001-06-16,22.0,0.0,16.7,31.0,22.0
2001-06-17,,10.163915634155272,14.0,28.8,
2001-06-18,,0.0,12.8,31.9,
2001-06-19,0.0,0.0,15.9,31.0,0.0
2001-06-20,,10.163915634155272,14.2,32.1,
2001-06-21,,2.218591928482056,15.0,31.2,
2001-06-22,0.2,2.218591928482056,15.2,28.4,-2.018591928482056
2001-06-23,,0.0,14.3,32.8,
2001-06-24,0.0,2.218591928482056,,33.0,-2.218591928482056
2001-06-25,,1.1092959642410278,15.0,32.0,
2001-06-26,0.0,4.455728530883789,18.0,30.0,-4.455728530883789
2001-06-27,,2.2278642654418945,13.5,29.7,
2001-06-28,,0.0,14.0,31.8,
2001-06-29,2.7,0.0,13.8,32.0,2.7
2001-06-30,,4.455728530883789,3.2,33.9,
2001-07-01,0.0,3.005463123321533,16.0,29.0,-3.005463123321533
2001-07-02,,0.0,16.8,30.8,
2001-07-03,0.6,3.005463123321533,16.3,27.2,-2.405463123321533
2001-07-04,,0.0,16.0,27.7,
2001-07-05,1.2,9.016387939453123,16.0,25.4,-7.816387939453123
2001-07-06,8.8,5.963089942932129,15.0,31.0,2.836910057067872
2001-07-07,26.5,2.9815449714660645,14.7,31.0,23.518455028533936
2001-07-08,0.8,2.9815449714660645,15.1,31.0,-2.1815449714660646
2001-07-09,0.0,2.9815449714660645,13.0,31.6,-2.9815449714660645
2001-07-10,2.5,5.963089942932129,14.9,31.7,-3.463089942932129
2001-07-11,0.2,1.617458701133728,14.8,32.0,-1.417458701133728
2001-07-12,0.0,3.234917402267456,14.5,28.8,-3.234917402267456
2001-07-13,0.0,0.0,13.5,34.1,0.0
2001-07-14,0.0,0.0,14.8,32.8,0.0
2001-07-15,,0.0,14.0,33.2,
2001-07-16,,0.0,14.6,32.8,
2001-07-17,0.3,3.877650499343872,18.0,34.0,-3.5776504993438722
2001-07-18,0.3,15.510601997375488,15.0,30.2,-15.210601997375488
2001-07-19,7.2,11.63295078277588,15.0,30.8,-4.4329507827758805
2001-07-20,1.0,7.755300998687744,15.0,,-6.755300998687744
2001-07-21,,0.0,17.4,30.7,
2001-07-22,0.0,9.583080291748049,13.0,34.8,-9.583080291748049
2001-07-23,0.0,0.0,15.0,33.6,0.0
2001-07-24,0.0,0.0,17.5,32.2,0.0
2001-07-25,5.5,0.0,14.0,32.0,5.5
2001-07-26,,2.4196112155914307,16.0,31.0,
2001-07-27,,2.4196112155914307,17.1,31.0,
2001-07-28,0.0,7.258833885192871,15.5,30.8,-7.258833885192871
2001-07-29,,2.4196112155914307,14.0,29.5,
2001-07-30,6.6,7.258833885192871,15.0,30.0,-0.6588338851928714
2001-07-31,12.7,4.839222431182861,12.9,26.3,7.860777568817138
2001-08-01,0.1,0.0,14.5,31.8,0.1
2001-08-02,,0.0,15.0,30.8,
2001-08-03,0.0,0.0,16.5,30.6,0.0
2001-08-04,,6.048342227935791,15.2,30.8,
2001-08-05,,0.0,17.0,31.0,
2001-08-06,0.0,0.0,15.0,31.1,0.0
2001-08-07,0.0,0.0,15.0,29.5,0.0
2001-08-08,,0.0,15.0,31.0,
2001-08-09,14.2,16.671432495117188,14.6,29.2,-2.471432495117188
2001-08-10,,0.0,15.5,31.0,
2001-08-11,0.7,6.314030170440674,14.0,31.4,-5.614030170440674
2001-08-12,,0.0,16.0,30.0,
2001-08-13,9.6,12.628060340881348,15.4,30.0,-3.028060340881348
2001-08-14,0.0,0.0,12.1,31.6,0.0
2001-08-15,0.0,0.0,17.0,32.0,0.0
2001-08-16,,2.7167656421661377,17.0,30.0,
2001-08-17,4.6,2.7167656421661377,16.0,30.2,1.883234357833862
2001-08-18,0.0,0.0,14.0,31.0,0.0
2001-08-19,0.0,2.7167656421661377,15.0,32.2,-2.7167656421661377
2001-08-20,0.0,0.0,14.6,32.0,0.0
2001-08-21,0.0,1.6333941221237185,15.8,31.8,-1.6333941221237185
2001-08-22,,4.900182247161865,15.7,31.8,
2001-08-23,0.0,1.6333941221237185,16.0,31.5,-1.6333941221237185
2001-08-24,0.0,0.0,14.3,33.4,0.0
2001-08-25,,1.6333941221237185,17.9,,
2001-08-26,,7.755049228668213,16.0,30.7,
2001-08-27,0.4,0.0,16.0,,0.4
2001-08-28,1.5,0.0,14.6,25.2,1.5
2001-08-29,14.5,15.510098457336426,14.0,28.8,-1.0100984573364258
2001-08-30,,7.755049228668213,16.0,29.4,
2001-08-31,28.1,7.755049228668213,16.0,30.0,20.34495077133179
2001-09-01,,0.0,15.3,,
2001-09-02,,0.0,13.0,31.0,
2001-09-03,,0.0,13.0,31.9,
2001-09-04,0.0,0.0,13.1,32.0,0.0
2001-09-05,,0.0,,31.2,
2001-09-06,0.0,0.0,12.8,31.2,0.0
2001-09-07,,0.0,15.4,32.4,
2001-09-08,0.0,0.0,17.0,30.0,0.0
2001-09-09,,18.293432235717773,14.0,28.0,
2001-09-10,11.2,0.0,15.6,27.5,11.2
2001-09-11,6.8,0.0,15.5,24.9,6.8
2001-09-12,7.2,0.0,14.4,26.9,7.2
2001-09-13,,0.0,14.0,29.2,
2001-09-14,5.1,0.0,13.0,31.0,5.1
2001-09-15,,0.0,12.7,31.0,
2001-09-16,,0.0,12.0,31.0,
2001-09-17,,0.0,13.8,,
2001-09-18,0.0,0.0,13.0,32.8,0.0
2001-09-19,1.4,7.613710403442383,14.0,32.1,-6.2137104034423825
2001-09-20,,0.0,12.0,31.0,
2001-09-21,0.0,0.0,12.0,31.0,0.0
2001-09-22,,0.0,13.4,28.2,
2001-09-23,,0.0,12.6,22.3,
2001-09-24,0.0,0.0,13.2,25.5,0.0
2001-09-25,0.0,0.0,13.7,26.4,0.0
2001-09-26,,0.0,14.2,20.7,
2001-09-27,5.8,16.167381286621094,13.0,24.0,-10.367381286621093
2001-09-28,0.0,16.167381286621094,14.0,26.0,-16.167381286621094
2001-09-29,,8.083690643310547,13.2,,
2001-09-30,,0.0,12.0,25.0,
2001-10-01,0.0,0.0,11.0,28.0,0.0
2001-10-02,14.5,22.154172897338867,9.6,26.2,-7.654172897338867
2001-10-03,,0.0,9.7,20.1,
2001-10-04,,0.0,12.0,26.4,
2001-10-05,1.2,0.0,11.0,26.6,1.2
2001-10-06,,0.0,5.4,27.3,
2001-10-07,0.0,0.0,6.0,30.0,0.0
2001-10-08,0.0,0.0,9.6,30.2,0.0
2001-10-09,,0.0,10.5,30.5,
2001-10-10,0.0,0.0,10.0,31.0,0.0
2001-10-11,0.0,0.0,11.4,30.0,0.0
2001-10-12,0.0,0.0,13.0,30.0,0.0
2001-10-13,,0.0,10.8,29.9,
2001-10-14,0.0,0.0,7.0,31.0,0.0
2001-10-15,0.0,0.0,8.0,31.0,0.0
2001-10-16,,0.0,8.0,27.0,
2001-10-17,,0.0,7.0,27.3,
2001-10-18,0.0,0.0,6.0,28.8,0.0
2001-10-19,0.0,0.0,5.0,30.0,0.0
2001-10-20,,0.0,4.9,29.9,
2001-10-21,0.0,0.0,7.0,31.5,0.0
2001-10-22,,0.0,6.8,31.5,
2001-10-23,,0.0,11.2,30.9,
2001-10-24,,0.0,9.0,30.0,
2001-10-25,0.0,0.0,8.5,30.8,0.0
2001-10-26,0.0,0.0,10.0,29.9,0.0
2001-10-27,0.0,0.0,11.0,27.0,0.0
2001-10-28,0.0,0.0,6.8,27.0,0.0
2001-10-29,,0.0,7.4,27.0,
2001-10-30,,0.0,5.0,26.0,
2001-10-31,0.0,0.0,3.0,27.0,0.0
2001-11-01,0.0,0.0,5.0,28.4,0.0
2001-11-02,0.0,0.0,7.2,28.5,0.0
2001-11-03,,0.0,6.2,27.2,
2001-11-04,0.0,0.0,6.2,23.5,0.0
2001-11-05,,0.0,7.0,25.2,
2001-11-06,0.0,0.0,5.2,27.8,0.0
2001-11-07,0.0,0.0,7.0,27.2,0.0
2001-11-08,0.0,0.0,6.9,27.6,0.0
2001-11-09,0.0,0.0,5.8,26.3,0.0
2001-11-10,0.0,0.0,5.0,26.0,0.0
2001-11-11,0.0,0.0,6.6,26.2,0.0
2001-11-12,0.0,0.0,5.8,27.0,0.0
2001-11-13,,0.0,5.1,24.5,
2001-11-14,0.0,4.873816013336182,5.0,24.8,-4.873816013336182
2001-11-15,0.0,0.0,6.9,24.8,0.0
2001-11-16,0.0,0.0,2.4,27.2,0.0
2001-11-17,,0.0,6.0,26.0,
2001-11-18,,0.0,,26.6,
2001-11-19,,0.0,1.6,6.0,
2001-11-20,,0.0,9.4,21.5,
2001-11-21,0.0,0.0,6.0,25.1,0.0
2001-11-22,0.0,0.0,4.0,25.2,0.0
2001-11-23,,0.0,8.0,25.2,
2001-11-24,,0.0,3.0,26.4,
2001-11-25,0.0,0.0,1.6,28.0,0.0
2001-11-26,,0.0,1.4,28.0,
2001-11-27,,0.0,1.3,23.0,
2001-11-28,0.0,0.0,7.0,20.2,0.0
2001-11-29,0.0,0.0,1.0,22.0,0.0
2001-11-30,0.0,0.0,3.0,26.4,0.0
2001-12-01,0.0,0.0,4.9,25.1,0.0
2001-12-02,0.0,0.0,4.6,27.0,0.0
2001-12-03,0.0,0.0,4.8,28.0,0.0
2001-12-04,0.0,1.209956407546997,9.0,26.0,-1.209956407546997
2001-12-05,0.0,0.0,5.5,25.1,0.0
2001-12-06,0.0,0.0,7.7,25.0,0.0
2001-12-07,0.0,0.0,5.5,25.0,0.0
2001-12-08,0.0,0.0,7.1,23.0,0.0
2001-12-09,0.0,0.0,4.0,20.5,0.0
2001-12-10,0.0,0.0,2.5,20.1,0.0
2001-12-11,0.6,1.689708232879639,8.8,14.0,-1.089708232879639
2001-12-12,0.6,1.126472234725952,5.2,18.8,-0.526472234725952
2001-12-13,,1.126472234725952,4.0,25.0,
2001-12-14,0.0,0.0,-2.5,24.8,0.0
2001-12-15,,1.126472234725952,10.5,21.1,
2001-12-16,0.0,0.0,11.8,24.0,0.0
2001-12-17,0.0,0.0,1.0,20.2,0.0
2001-12-18,0.0,0.0,2.0,26.5,0.0
2001-12-19,0.0,0.0,5.0,21.8,0.0
2001-12-20,0.0,0.0,3.0,25.6,0.0
2001-12-21,,0.0,4.1,25.0,
2001-12-22,0.0,0.0,4.0,24.0,0.0
2001-12-23,0.0,0.0,4.2,22.1,0.0
2001-12-24,0.0,1.6455448865890503,5.0,24.2,-1.6455448865890503
2001-12-25,,0.0,-0.2,17.0,
2001-12-26,0.0,0.0,-4.5,17.6,0.0
2001-12-27,0.0,0.0,-5.5,23.0,0.0
2001-12-28,0.0,0.0,-2.1,25.2,0.0
2001-12-29,0.0,0.0,-3.1,24.0,0.0
2001-12-30,0.0,0.0,-1.3,26.5,0.0
2001-12-31,0.0,0.0,0.5,25.0,0.0
2002-01-01,0.0,2.507030963897705,3.5,25.0,-2.507030963897705
2002-01-02,0.0,0.0,0.0,21.5,0.0
2002-01-03,0.0,0.0,-1.4,24.8,0.0
2002-01-04,0.0,0.0,2.7,24.8,0.0
2002-01-05,0.0,0.0,4.0,24.7,0.0
2002-01-06,0.0,0.0,-3.2,21.2,0.0
2002-01-07,0.0,0.0,-3.6,21.6,0.0
2002-01-08,0.0,0.0,-3.0,24.8,0.0
2002-01-09,0.0,0.0,-1.4,27.1,0.0
2002-01-10,0.0,0.0,4.4,24.1,0.0
2002-01-11,0.0,0.0,2.0,24.0,0.0
2002-01-12,0.0,0.0,1.8,9.8,0.0
2002-01-13,0.0,0.0,3.0,13.8,0.0
2002-01-14,0.0,0.0,-3.8,21.0,0.0
2002-01-15,0.0,0.0,-2.5,24.6,0.0
2002-01-16,0.0,0.0,3.5,25.7,0.0
2002-01-17,0.0,0.0,3.0,28.8,0.0
2002-01-18,0.0,0.0,1.6,29.6,0.0
2002-01-19,0.0,0.0,5.2,29.3,0.0
2002-01-20,0.0,0.0,7.0,27.1,0.0
2002-01-21,0.0,0.0,3.6,28.4,0.0
2002-01-22,0.0,0.0,4.9,25.6,0.0
2002-01-23,0.0,0.0,6.0,23.2,0.0
2002-01-24,0.0,0.0,5.6,24.2,0.0
2002-01-25,0.0,0.0,4.0,24.2,0.0
2002-01-26,0.0,0.0,1.0,,0.0
2002-01-27,0.0,0.0,4.0,27.0,0.0
2002-01-28,0.0,0.0,4.5,29.7,0.0
2002-01-29,0.0,0.0,7.0,27.9,0.0
2002-01-30,0.0,0.0,6.2,24.7,0.0
2002-01-31,0.0,0.0,4.6,25.0,0.0
2002-02-01,0.0,0.0,5.0,28.0,0.0
2002-02-02,,0.0,4.5,26.9,
2002-02-03,,2.425693988800049,10.0,26.6,
2002-02-04,0.0,0.0,7.2,27.0,0.0
2002-02-05,0.0,0.0,11.3,21.0,0.0
2002-02-06,0.6,0.0,7.0,22.0,0.6
2002-02-07,,0.0,5.0,20.4,
2002-02-08,0.0,0.0,1.0,2.9,0.0
2002-02-09,0.0,0.0,2.9,26.8,0.0
2002-02-10,,0.0,6.0,17.0,
2002-02-11,0.0,0.0,-1.0,6.0,0.0
2002-02-12,,0.0,-1.3,10.0,
2002-02-13,17.8,0.0,3.0,16.1,17.8
2002-02-14,,1.0453814268112185,1.8,23.0,
2002-02-15,0.0,0.0,5.0,25.6,0.0
2002-02-16,0.0,0.0,5.1,28.2,0.0
2002-02-17,,0.0,5.6,26.0,
2002-02-18,0.0,0.0,6.8,24.0,0.0
2002-02-19,0.0,1.1551499366760254,5.3,24.1,-1.1551499366760254
2002-02-20,0.0,1.1551499366760254,2.5,24.6,-1.1551499366760254
2002-02-21,,0.0,3.4,26.6,
2002-02-22,0.0,0.0,2.0,17.6,0.0
2002-02-23,,0.0,-2.9,,
2002-02-24,,0.0,2.0,29.0,
2002-02-25,0.0,0.0,3.0,28.2,0.0
2002-02-26,0.0,0.0,4.1,29.3,0.0
2002-02-27,0.0,0.0,4.5,25.3,0.0
2002-02-28,,0.0,2.0,25.0,
2002-03-01,0.0,0.0,4.0,25.0,0.0
2002-03-02,0.0,0.0,4.2,25.0,0.0
2002-03-03,,0.9537855386734008,8.0,27.0,
2002-03-04,0.0,0.0,1.3,21.0,0.0
2002-03-05,0.0,0.0,1.9,26.0,0.0
2002-03-06,0.0,0.0,6.0,27.2,0.0
2002-03-07,,0.0,8.0,29.1,
2002-03-08,0.0,0.0,7.5,25.6,0.0
2002-03-09,,1.036812424659729,5.6,25.4,
2002-03-10,,0.0,5.0,30.5,
2002-03-11,0.0,1.005110502243042,12.0,24.8,-1.005110502243042
2002-03-12,0.0,0.0,4.7,29.7,0.0
2002-03-13,0.0,0.3350368440151214,10.0,29.0,-0.3350368440151214
2002-03-14,,0.0,8.0,28.2,
2002-03-15,0.0,0.0,5.0,28.8,0.0
2002-03-16,0.0,0.0,6.9,29.0,0.0
2002-03-17,,0.0,8.0,30.0,
2002-03-18,0.0,0.0,9.8,28.0,0.0
2002-03-19,0.0,0.0,10.4,28.0,0.0
2002-03-20,0.0,0.0,4.0,25.7,0.0
2002-03-21,,0.0,3.6,29.0,
2002-03-22,0.0,0.0,6.2,30.0,0.0
2002-03-23,,0.0,9.0,30.6,
2002-03-24,,0.0,11.8,28.5,
2002-03-25,0.0,0.0,8.5,29.4,0.0
2002-03-26,0.0,0.0,6.3,32.0,0.0
2002-03-27,0.0,0.0,8.0,34.2,0.0
2002-03-28,,0.0,11.0,33.6,
2002-03-29,,0.6322453618049622,15.6,33.6,
2002-03-30,0.0,0.0,11.2,29.6,0.0
2002-03-31,0.0,0.0,6.3,30.4,0.0
2002-04-01,0.0,0.0,6.2,31.5,0.0
2002-04-02,0.0,0.0,13.0,31.4,0.0
2002-04-03,0.0,0.0,11.0,33.4,0.0
2002-04-04,,0.6447572708129883,14.0,31.0,
2002-04-05,,0.3223786354064941,12.2,33.4,
2002-04-06,0.0,0.0,10.0,29.8,0.0
2002-04-07,0.0,0.0,9.5,25.1,0.0
2002-04-08,0.0,0.0,5.8,28.0,0.0
2002-04-09,0.0,0.0,7.0,28.0,0.0
2002-04-10,0.0,0.0,9.0,30.1,0.0
2002-04-11,0.0,0.5231127142906189,10.0,31.0,-0.5231127142906189
2002-04-12,,0.0,12.3,31.0,
2002-04-13,0.0,0.0,10.0,30.8,0.0
2002-04-14,,0.2615563571453094,10.0,29.8,
2002-04-15,0.0,0.5231127142906189,,25.2,-0.5231127142906189
2002-04-16,0.0,0.9648032188415528,10.0,29.6,-0.9648032188415528
2002-04-17,0.0,0.0,14.0,32.2,0.0
2002-04-18,,0.0,15.0,33.0,
2002-04-19,,0.0,16.8,34.8,
2002-04-20,0.0,0.0,15.0,34.3,0.0
2002-04-21,,0.0,,33.2,
2002-04-22,0.0,0.0,13.7,33.3,0.0
2002-04-23,0.0,0.6989061832427979,12.2,35.0,-0.6989061832427979
2002-04-24,0.0,0.0,15.0,36.1,0.0
2002-04-25,0.0,0.0,16.0,33.0,0.0
2002-04-26,1.1,0.0,13.0,33.6,1.1
2002-04-27,1.6,0.0,14.0,33.2,1.6
2002-04-28,,0.0,12.0,36.0,
2002-04-29,0.0,0.0,15.6,37.4,0.0
2002-04-30,0.0,0.0,15.0,36.0,0.0
2002-05-01,0.0,0.0,16.0,34.7,0.0
2002-05-02,0.0,0.0,16.0,33.6,0.0
2002-05-03,,0.0,12.0,36.0,
2002-05-04,0.0,0.0,15.0,37.2,0.0
2002-05-05,0.0,2.284708023071289,14.7,37.5,-2.284708023071289
2002-05-06,0.0,0.0,16.0,36.2,0.0
2002-05-07,0.0,1.9487062692642207,14.8,35.0,-1.9487062692642207
2002-05-08,0.0,0.0,16.0,36.8,0.0
2002-05-09,,0.0,13.2,35.6,
2002-05-10,0.0,0.0,15.1,36.6,0.0
2002-05-11,0.0,0.0,15.0,36.0,0.0
2002-05-12,0.0,0.0,17.7,37.5,0.0
2002-05-13,0.0,0.0,17.4,36.0,0.0
2002-05-14,5.7,4.771615982055664,13.5,29.8,0.9283840179443361
2002-05-15,0.0,1.5905386209487915,10.5,33.0,-1.5905386209487915
2002-05-16,2.1,0.9533073902130128,14.8,34.0,1.1466926097869874
2002-05-17,,0.0,13.3,33.5,
2002-05-18,0.0,0.0,14.0,33.8,0.0
2002-05-19,0.0,0.9533073902130128,16.0,30.0,-0.9533073902130128
2002-05-20,0.6,0.0,10.4,32.0,0.6
2002-05-21,0.0,0.0,12.4,35.2,0.0
2002-05-22,0.0,0.0,14.0,34.0,0.0
2002-05-23,,0.0,16.3,33.2,
2002-05-24,,0.0,14.4,31.8,
2002-05-25,0.0,0.0,13.0,32.4,0.0
2002-05-26,0.0,0.0,15.4,35.0,0.0
2002-05-27,1.9,0.0,16.2,35.2,1.9
2002-05-28,0.0,0.0,14.4,35.5,0.0
2002-05-29,0.0,0.0,14.0,35.8,0.0
2002-05-30,,0.0,15.7,35.8,
2002-05-31,,0.0,17.0,35.9,
2002-06-01,,0.0,14.7,35.9,
2002-06-02,0.0,0.0,14.2,35.8,0.0
2002-06-03,0.0,0.0,17.6,36.0,0.0
2002-06-04,,0.0,18.0,35.0,
2002-06-05,0.0,4.175314903259277,15.8,35.0,-4.175314903259277
2002-06-06,0.0,0.0,16.4,25.6,0.0
2002-06-07,,7.075607299804688,15.9,27.3,
2002-06-08,,7.075607299804688,15.0,32.3,
2002-06-09,0.0,7.075607299804688,15.8,35.0,-7.075607299804688
2002-06-10,31.9,0.0,17.9,35.0,31.9
2002-06-11,,4.949165344238281,17.0,32.0,
2002-06-12,11.7,4.949165344238281,16.5,31.5,6.750834655761718
2002-06-13,2.2,7.42374849319458,17.0,29.0,-5.22374849319458
2002-06-14,43.8,2.4745826721191406,15.1,32.1,41.32541732788086
2002-06-15,38.8,0.0,15.0,32.8,38.8
2002-06-16,0.0,0.0,15.0,36.1,0.0
2002-06-17,,0.0,16.1,36.5,
2002-06-18,,0.0,16.0,36.5,
2002-06-19,0.0,0.0,18.0,36.7,0.0
2002-06-20,0.0,0.0,16.3,34.2,0.0
2002-06-21,,0.0,16.2,33.4,
2002-06-22,,0.0,15.2,33.6,
2002-06-23,0.0,0.0,16.2,34.5,0.0
2002-06-24,,0.0,16.2,35.2,
2002-06-25,,0.0,14.5,35.2,
2002-06-26,,0.0,14.0,35.0,
2002-06-27,0.0,0.0,14.7,35.6,0.0
2002-06-28,,0.0,16.2,35.1,
2002-06-29,,0.0,14.5,33.0,
2002-06-30,0.0,3.143962144851685,14.5,33.8,-3.143962144851685
2002-07-01,2.5,0.0,15.8,34.5,2.5
2002-07-02,0.0,0.0,17.1,35.0,0.0
2002-07-03,0.0,1.4381959438323977,13.0,36.0,-1.4381959438323977
2002-07-04,1.7,1.4381959438323977,16.0,33.8,0.2618040561676023
2002-07-05,4.8,4.314587593078613,15.3,33.3,0.48541240692138654
2002-07-06,,13.01333236694336,14.9,34.2,
2002-07-07,0.5,0.0,15.4,31.5,0.5
2002-07-08,7.2,0.0,15.5,31.5,7.2
2002-07-09,6.5,0.0,15.2,29.4,6.5
2002-07-10,0.0,0.0,13.6,31.0,0.0
2002-07-11,,10.152682304382324,15.1,28.2,
2002-07-12,0.8,0.0,15.8,27.7,0.8
2002-07-13,0.0,5.076341152191162,15.0,31.6,-5.076341152191162
2002-07-14,3.9,10.152682304382324,15.0,28.0,-6.252682304382324
2002-07-15,0.0,0.0,15.3,31.0,0.0
2002-07-16,3.1,4.470760822296143,14.9,31.2,-1.3707608222961425
2002-07-17,1.4,13.41228199005127,15.8,29.0,-12.01228199005127
2002-07-18,1.9,8.941521644592285,15.4,28.6,-7.041521644592285
2002-07-19,4.3,0.0,15.2,29.5,4.3
2002-07-20,11.4,0.0,14.6,28.0,11.4
2002-07-21,0.0,5.230810165405273,16.8,31.1,-5.230810165405273
2002-07-22,5.7,5.230810165405273,14.0,28.2,0.46918983459472674
2002-07-23,0.3,0.0,14.8,28.0,0.3
2002-07-24,3.6,0.0,15.0,30.0,3.6
2002-07-25,,0.0,14.4,31.4,
2002-07-26,0.0,0.0,14.0,33.4,0.0
2002-07-27,0.1,0.0,16.8,32.8,0.1
2002-07-28,0.2,0.0,13.8,34.0,0.2
2002-07-29,0.0,0.0,15.5,33.0,0.0
2002-07-30,0.0,3.929657936096192,17.0,31.4,-3.929657936096192
2002-07-31,1.7,0.0,14.0,33.1,1.7
2002-08-01,,0.0,15.1,32.5,
2002-08-02,0.8,4.53062629699707,15.2,33.3,-3.7306262969970705
2002-08-03,4.3,0.0,14.5,30.9,4.3
2002-08-04,7.8,9.06125259399414,14.1,29.0,-1.2612525939941408
2002-08-05,0.0,4.53062629699707,15.0,28.2,-4.53062629699707
2002-08-06,1.1,0.0,14.8,30.1,1.1
2002-08-07,0.0,0.0,13.0,31.2,0.0
2002-08-08,0.6,6.734293460845947,14.5,31.4,-6.134293460845948
2002-08-09,10.7,13.468586921691896,15.2,28.8,-2.768586921691897
2002-08-10,22.8,13.468586921691896,14.0,29.0,9.331413078308104
2002-08-11,8.5,5.809107780456543,11.4,30.2,2.690892219543457
2002-08-12,1.6,0.0,14.1,32.2,1.6
2002-08-13,,17.427322387695312,14.2,30.2,
2002-08-14,4.4,5.809107780456543,15.0,30.2,-1.4091077804565426
2002-08-15,,11.618215560913086,15.3,29.5,
2002-08-16,23.9,7.856789112091064,16.4,30.3,16.043210887908934
2002-08-17,67.0,15.713578224182127,15.0,30.2,51.28642177581787
2002-08-18,0.7,0.0,14.0,31.5,0.7
2002-08-19,25.5,3.928394556045532,15.0,31.6,21.571605443954468
2002-08-20,0.4,0.0,14.1,31.0,0.4
2002-08-21,,0.0,14.0,31.0,
2002-08-22,,0.0,15.1,31.4,
2002-08-23,0.2,0.0,15.0,30.8,0.2
2002-08-24,0.0,0.0,14.0,31.4,0.0
2002-08-25,5.5,6.464339733123779,14.2,31.5,-0.9643397331237793
2002-08-26,0.0,0.0,13.4,32.0,0.0
2002-08-27,0.0,0.0,14.1,32.2,0.0
2002-08-28,0.0,0.0,14.0,33.0,0.0
2002-08-29,0.0,0.0,15.8,30.8,0.0
2002-08-30,1.7,0.0,14.8,30.0,1.7
2002-08-31,,0.0,14.2,30.0,
2002-09-01,1.3,17.296669006347656,16.9,28.8,-15.996669006347656
2002-09-02,0.0,0.0,16.6,29.8,0.0
2002-09-03,1.1,0.0,13.0,29.0,1.1
2002-09-04,3.6,0.0,16.0,29.7,3.6
2002-09-05,0.0,0.0,15.1,29.8,0.0
2002-09-06,1.7,0.0,13.6,30.0,1.7
2002-09-07,,0.0,13.2,30.6,
2002-09-08,0.0,0.0,15.4,31.3,0.0
2002-09-09,0.0,0.0,16.0,31.8,0.0
2002-09-10,0.0,0.0,10.8,31.0,0.0
2002-09-11,0.0,6.781744956970215,15.8,27.3,-6.781744956970215
2002-09-12,2.6,0.0,16.2,28.8,2.6
2002-09-13,0.8,0.0,14.6,,0.8
2002-09-14,,0.0,15.8,31.0,
2002-09-15,7.3,6.781744956970215,15.8,25.2,0.518255043029785
2002-09-16,36.4,11.771068572998049,14.7,24.2,24.62893142700195
2002-09-17,4.0,11.771068572998049,14.6,28.2,-7.771068572998049
2002-09-18,37.1,11.771068572998049,14.1,27.9,25.328931427001955
2002-09-19,15.0,11.771068572998049,14.9,29.0,3.2289314270019513
2002-09-20,0.0,0.0,14.0,28.7,0.0
2002-09-21,0.0,0.0,14.0,29.6,0.0
2002-09-22,0.0,0.0,11.0,28.8,0.0
2002-09-23,0.0,0.0,9.0,25.4,0.0
2002-09-24,0.0,0.0,8.2,26.0,0.0
2002-09-25,0.0,0.0,9.0,26.8,0.0
2002-09-26,0.0,0.0,6.7,28.2,0.0
2002-09-27,0.0,0.0,10.2,29.1,0.0
2002-09-28,0.0,0.0,11.0,30.2,0.0
2002-09-29,0.0,0.0,16.2,30.8,0.0
2002-09-30,0.0,0.0,13.2,31.1,0.0
2002-10-01,0.0,0.0,14.0,31.0,0.0
2002-10-02,0.0,0.0,14.0,31.7,0.0
2002-10-03,0.0,0.0,15.0,31.0,0.0
2002-10-04,0.0,0.0,13.0,30.8,0.0
2002-10-05,0.0,3.6488540172576895,14.0,30.6,-3.6488540172576895
2002-10-06,0.0,0.0,13.2,29.1,0.0
2002-10-07,0.8,5.569429874420166,13.4,28.4,-4.769429874420166
2002-10-08,0.0,0.0,12.0,29.6,0.0
2002-10-09,0.5,0.0,11.0,28.3,0.5
2002-10-10,0.0,0.0,11.8,29.4,0.0
2002-10-11,0.0,0.0,12.9,30.0,0.0
2002-10-12,0.0,0.0,14.7,28.5,0.0
2002-10-13,1.3,0.0,11.5,29.0,1.3
2002-10-14,0.0,0.0,9.0,30.7,0.0
2002-10-15,0.0,0.0,11.8,30.0,0.0
2002-10-16,0.0,0.0,9.5,30.1,0.0
2002-10-17,,0.0,10.1,28.8,
2002-10-18,0.0,0.0,7.0,37.7,0.0
2002-10-19,0.0,0.0,8.0,25.1,0.0
2002-10-20,0.0,0.0,9.3,29.9,0.0
2002-10-21,0.0,0.0,11.2,29.6,0.0
2002-10-22,0.0,0.0,10.2,29.0,0.0
2002-10-23,0.0,0.0,8.0,29.7,0.0
2002-10-24,,4.182610511779785,13.8,25.5,
2002-10-25,22.5,25.095664978027344,13.0,16.2,-2.5956649780273438
2002-10-26,26.0,0.0,9.0,24.0,26.0
2002-10-27,0.0,0.0,7.3,24.3,0.0
2002-10-28,0.0,0.0,12.1,26.6,0.0
2002-10-29,0.0,0.0,7.3,27.6,0.0
2002-10-30,0.0,0.0,3.0,27.3,0.0
2002-10-31,,0.0,6.0,29.8,
2002-11-01,0.0,0.0,5.9,27.8,0.0
2002-11-02,0.0,0.0,10.0,23.2,0.0
2002-11-03,0.0,0.0,12.0,28.3,0.0
2002-11-04,1.9,2.7413930892944336,14.0,27.2,-0.8413930892944337
2002-11-05,0.0,0.0,8.2,27.2,0.0
2002-11-06,0.0,0.0,9.0,26.2,0.0
2002-11-07,,2.6796061992645264,8.5,27.1,
2002-11-08,0.0,0.0,10.6,25.0,0.0
2002-11-09,0.0,0.0,9.0,29.2,0.0
2002-11-10,0.0,0.0,9.0,30.3,0.0
2002-11-11,0.0,0.0,5.2,29.0,0.0
2002-11-12,0.0,0.0,5.3,25.6,0.0
2002-11-13,0.0,0.0,5.0,26.0,0.0
2002-11-14,,0.0,7.0,28.2,
2002-11-15,0.0,0.0,9.6,26.5,0.0
2002-11-16,,0.0,2.0,18.0,
2002-11-17,0.0,0.0,-3.7,24.8,0.0
2002-11-18,0.0,0.0,-0.1,,0.0
2002-11-19,0.0,0.0,0.1,26.4,0.0
2002-11-20,0.0,0.0,2.0,25.0,0.0
2002-11-21,0.0,0.0,-1.0,22.0,0.0
2002-11-22,0.0,0.0,-2.6,23.8,0.0
2002-11-23,0.0,0.0,-4.0,23.3,0.0
2002-11-24,0.0,0.0,2.1,26.5,0.0
2002-11-25,0.0,0.0,0.5,25.4,0.0
2002-11-26,0.0,0.0,4.0,22.0,0.0
2002-11-27,0.0,2.3024051189422607,7.8,12.4,-2.3024051189422607
2002-11-28,,9.209620475769045,9.0,14.0,
2002-11-29,18.0,4.6048102378845215,8.6,,13.395189762115479
2002-11-30,7.7,4.6048102378845215,8.0,19.5,3.0951897621154787
2002-12-01,2.1,0.0,5.0,25.3,2.1
2002-12-02,0.0,0.0,9.8,27.8,0.0
2002-12-03,0.0,1.4445511102676392,9.5,24.8,-1.4445511102676392
2002-12-04,0.0,0.0,7.0,25.0,0.0
2002-12-05,0.0,0.0,0.3,22.0,0.0
2002-12-06,0.0,0.0,4.0,21.2,0.0
2002-12-07,0.0,1.1613209247589111,4.0,22.1,-1.1613209247589111
2002-12-08,,0.0,0.1,23.8,
2002-12-09,0.0,0.0,1.9,22.6,0.0
2002-12-10,0.0,0.0,1.0,22.8,0.0
2002-12-11,0.0,0.0,3.2,22.2,0.0
2002-12-12,0.0,0.0,4.0,21.0,0.0
2002-12-13,0.0,0.0,-2.6,22.2,0.0
2002-12-14,0.0,1.1683611869812012,-1.9,24.0,-1.1683611869812012
2002-12-15,0.0,0.0,-1.5,25.4,0.0
2002-12-16,0.0,0.0,-0.4,,0.0
2002-12-17,0.0,0.0,-1.0,26.2,0.0
2002-12-18,0.0,0.0,1.6,25.7,0.0
2002-12-19,0.0,0.0,3.0,26.0,0.0
2002-12-20,0.0,0.0,-3.3,25.2,0.0
2002-12-21,0.0,0.0,0.4,23.6,0.0
2002-12-22,0.0,0.0,1.2,22.2,0.0
2002-12-23,0.0,0.0,8.2,18.0,0.0
2002-12-24,0.0,0.0,2.0,21.2,0.0
2002-12-25,0.0,0.9314897656440736,0.5,20.0,-0.9314897656440736
2002-12-26,0.0,0.0,-3.0,23.0,0.0
2002-12-27,0.0,0.0,-3.0,23.6,0.0
2002-12-28,0.0,0.0,-9.0,25.3,0.0
2002-12-29,0.0,0.0,6.0,23.8,0.0
2002-12-30,0.0,0.0,-2.9,24.2,0.0
2019-01-01,0.0,2.786350727081299,1.1,14.2,-2.786350727081299
2019-01-02,0.0,0.9287835955619812,10.4,19.2,-0.9287835955619812
2019-01-03,0.0,0.0,4.0,25.4,0.0
2019-01-04,0.0,0.0,3.5,25.7,0.0
2019-01-05,0.0,0.0,3.8,27.7,0.0
2019-01-06,0.0,0.0,8.4,25.8,0.0
2019-01-07,0.0,0.0,9.1,25.4,0.0
2019-01-08,0.0,0.0,6.5,29.6,0.0
2019-01-09,0.0,0.0,8.4,27.2,0.0
2019-01-10,0.0,0.0,2.8,26.2,0.0
2019-01-11,0.0,0.0,7.5,21.9,0.0
2019-01-12,0.0,0.0,2.2,24.0,0.0
2019-01-13,0.0,0.0,2.4,24.1,0.0
2019-01-14,1.2,0.0,2.4,25.4,1.2
2019-01-15,0.0,0.0,10.3,19.0,0.0
2019-01-16,0.0,0.0,4.0,25.7,0.0
2019-01-17,0.0,0.0,3.6,23.0,0.0
2019-01-18,0.0,0.0,10.6,26.0,0.0
2019-01-19,0.0,0.0,5.0,21.8,0.0
2019-01-20,0.0,0.0,-0.6,24.2,0.0
2019-01-21,0.0,0.0,1.2,26.9,0.0
2019-01-22,0.0,0.0,8.2,25.0,0.0
2019-01-23,0.0,0.6650553941726685,5.1,20.8,-0.6650553941726685
2019-01-24,0.0,0.0,-1.0,27.9,0.0
2019-01-25,0.0,0.0,0.2,25.8,0.0
2019-01-26,0.0,0.0,6.8,24.0,0.0
2019-01-27,0.0,0.0,0.2,20.4,0.0
2019-01-28,0.0,0.0,-1.1,26.6,0.0
2019-01-29,0.0,0.0,2.0,27.0,0.0
2019-01-30,0.0,0.0,7.8,25.4,0.0
2019-01-31,0.0,0.0,8.1,24.7,0.0
2019-02-01,0.0,0.0,4.0,26.3,0.0
2019-02-02,0.0,0.0,4.5,27.0,0.0
2019-02-03,0.3,0.0,4.8,26.9,0.3
2019-02-04,0.0,0.0,10.8,27.0,0.0
2019-02-05,0.0,0.0,8.6,25.0,0.0
2019-02-06,0.0,0.0,6.2,27.0,0.0
2019-02-07,0.0,0.0,7.0,28.4,0.0
2019-02-08,0.0,0.0,10.1,28.5,0.0
2019-02-09,0.0,0.0,6.5,29.2,0.0
2019-02-10,0.0,0.0,9.4,27.1,0.0
2019-02-11,0.0,0.0,8.9,24.6,0.0
2019-02-12,0.0,0.0,12.0,24.0,0.0
2019-02-13,0.0,0.0,5.4,27.4,0.0
2019-02-14,0.0,0.0,10.3,29.2,0.0
2019-02-15,0.0,0.0,8.4,32.1,0.0
2019-02-16,0.0,0.0,9.4,34.8,0.0
2019-02-17,0.0,0.0,10.2,27.2,0.0
2019-02-18,0.0,0.0,6.0,27.6,0.0
2019-02-19,0.0,0.0,8.4,22.4,0.0
2019-02-20,0.0,0.0,0.6,24.4,0.0
2019-02-21,0.0,0.0,7.2,20.3,0.0
2019-02-22,0.0,0.0,6.1,23.3,0.0
2019-02-23,0.0,0.0,7.5,26.4,0.0
2019-02-24,0.0,0.0,0.0,27.3,0.0
2019-02-25,0.0,0.0,6.2,27.4,0.0
2019-02-26,0.0,0.0,7.3,30.2,0.0
2019-02-27,0.0,0.0,6.6,33.3,0.0
2019-02-28,0.0,0.0,7.9,31.7,0.0
2019-03-01,0.0,0.0,5.9,30.9,0.0
2019-03-02,0.0,0.0,7.4,34.2,0.0
2019-03-03,0.0,0.0,10.8,33.3,0.0
2019-03-04,0.0,0.0,8.2,33.1,0.0
2019-03-05,0.0,0.0,8.4,33.4,0.0
2019-03-06,0.0,0.0,7.8,30.2,0.0
2019-03-07,0.0,0.5454481244087219,6.9,31.2,-0.5454481244087219
2019-03-08,0.0,0.0,7.0,29.8,0.0
2019-03-09,0.0,0.0,8.4,29.2,0.0
2019-03-10,0.0,0.0,7.0,29.8,0.0
2019-03-11,0.0,0.0,5.6,32.2,0.0
2019-03-12,0.0,0.0,10.8,27.4,0.0
2019-03-13,0.0,0.0,11.0,28.2,0.0
2019-03-14,0.0,0.0,5.4,29.0,0.0
2019-03-15,0.0,0.0,4.5,24.4,0.0
2019-03-16,0.0,0.9444338083267212,10.2,26.0,-0.9444338083267212
2019-03-17,0.0,0.0,11.0,25.0,0.0
2019-03-18,0.0,0.6296225190162659,7.1,25.8,-0.6296225190162659
2019-03-19,0.0,0.0,6.1,27.0,0.0
2019-03-20,0.0,0.0,8.2,26.6,0.0
2019-03-21,0.0,0.0,6.4,29.3,0.0
2019-03-22,0.0,0.0,6.7,27.3,0.0
2019-03-23,0.0,0.0,7.0,29.0,0.0
2019-03-24,0.0,0.0,6.6,31.6,0.0
2019-03-25,0.0,0.0,6.0,32.1,0.0
2019-03-26,0.0,0.0,9.0,31.4,0.0
2019-03-27,0.0,0.7206449508666992,10.6,32.1,-0.7206449508666992
2019-03-28,0.0,0.0,11.5,31.7,0.0
2019-03-29,0.0,0.0,7.9,32.3,0.0
2019-03-30,0.0,0.0,10.8,32.0,0.0
2019-03-31,0.0,0.0,13.0,30.9,0.0
2019-04-01,0.0,0.0,10.7,31.4,0.0
2019-04-02,0.0,0.0,10.3,31.0,0.0
2019-04-03,0.0,0.0,12.0,31.0,0.0
2019-04-04,0.0,0.0,8.5,30.2,0.0
2019-04-05,0.0,0.0,11.3,27.4,0.0
2019-04-06,0.0,0.0,8.3,28.0,0.0
2019-04-07,0.0,0.0,5.8,28.0,0.0
2019-04-08,0.0,0.0,6.3,28.1,0.0
2019-04-09,0.0,0.0,5.8,30.0,0.0
2019-04-10,0.0,0.0,13.4,31.9,0.0
2019-04-11,0.0,0.0,8.0,29.4,0.0
2019-04-12,0.0,0.0,9.1,27.2,0.0
2019-04-13,0.0,0.0,9.7,27.4,0.0
2019-04-14,0.0,0.0,3.5,28.7,0.0
2019-04-15,0.0,0.0,8.0,33.6,0.0
2019-04-16,0.0,0.0,8.0,30.6,0.0
2019-04-17,0.0,0.0,13.5,30.8,0.0
2019-04-18,0.0,0.0,8.0,28.6,0.0
2019-04-19,0.0,0.0,7.2,29.8,0.0
2019-04-20,0.0,0.0,6.9,33.3,0.0
2019-04-21,0.0,0.0,13.5,33.0,0.0
2019-04-22,0.0,1.151789307594299,13.6,33.4,-1.151789307594299
2019-04-23,0.0,0.387772649526596,15.0,31.0,-0.387772649526596
2019-04-24,0.0,0.0,10.8,30.1,0.0
2019-04-25,0.0,0.0,6.6,29.0,0.0
2019-04-26,0.0,0.0,7.2,33.0,0.0
2019-04-27,0.0,0.0,10.9,34.0,0.0
2019-04-28,0.0,0.0,9.6,33.4,0.0
2019-04-29,0.0,0.0,15.5,31.3,0.0
2019-04-30,0.0,0.0,15.0,31.6,0.0
2019-05-01,0.0,0.0,9.7,33.1,0.0
2019-05-02,0.0,0.0,13.0,34.7,0.0
2019-05-03,0.0,3.62432312965393,17.1,31.5,-3.62432312965393
2019-05-04,0.0,0.0,9.4,33.6,0.0
2019-05-05,0.0,0.0,13.5,33.2,0.0
2019-05-06,0.0,0.0,11.6,31.5,0.0
2019-05-07,0.0,0.0,12.5,33.6,0.0
2019-05-08,0.0,0.0,13.2,32.9,0.0
2019-05-09,0.0,0.0,12.0,32.3,0.0
2019-05-10,0.0,0.0,10.8,30.9,0.0
2019-05-11,0.0,0.0,11.8,30.8,0.0
2019-05-12,0.0,0.0,10.5,27.8,0.0
2019-05-13,0.0,0.0,7.4,30.3,0.0
2019-05-14,0.0,0.0,8.6,33.0,0.0
2019-05-15,0.0,0.0,9.4,34.0,0.0
2019-05-16,0.0,0.0,12.5,34.8,0.0
2019-05-17,0.0,0.0,12.8,32.4,0.0
2019-05-18,0.0,0.0,11.0,33.2,0.0
2019-05-19,0.0,0.0,11.0,34.7,0.0
2019-05-20,0.0,0.0,10.0,33.9,0.0
2019-05-21,0.0,0.0,11.8,35.0,0.0
2019-05-22,0.0,0.0,14.7,34.9,0.0
2019-05-23,0.0,0.0,15.2,33.7,0.0
2019-05-24,0.0,0.0,15.3,35.1,0.0
2019-05-25,0.0,0.0,14.6,36.0,0.0
2019-05-26,0.0,0.0,18.0,35.7,0.0
2019-05-27,0.0,0.0,17.4,37.6,0.0
2019-05-28,0.0,0.0,18.0,34.6,0.0
2019-05-29,0.0,0.0,16.2,37.0,0.0
2019-05-30,0.0,0.0,14.2,35.7,0.0
2019-05-31,0.0,0.0,14.9,36.5,0.0
2019-06-01,0.0,0.0,19.1,34.5,0.0
2019-06-02,0.0,3.554437160491944,15.5,34.3,-3.554437160491944
2019-06-03,0.0,0.0,15.3,35.2,0.0
2019-06-04,0.0,0.0,15.3,34.0,0.0
2019-06-05,0.0,0.0,16.7,35.5,0.0
2019-06-06,0.0,0.0,16.0,34.0,0.0
2019-06-07,1.6,0.0,16.6,37.0,1.6
2019-06-08,3.5,0.0,19.7,36.4,3.5
2019-06-09,0.0,3.5939583778381348,15.8,36.3,-3.5939583778381348
2019-06-10,0.0,3.5939583778381348,15.8,34.9,-3.5939583778381348
2019-06-11,0.0,1.9765363931655884,16.0,32.1,-1.9765363931655884
2019-06-12,0.0,0.4291629195213318,16.6,32.9,-0.4291629195213318
2019-06-13,0.0,0.0,15.5,34.5,0.0
2019-06-14,0.0,0.0453623309731483,15.3,35.0,-0.0453623309731483
2019-06-15,0.8,1.1707175970077517,17.2,35.0,-0.37071759700775164
2019-06-16,0.0,1.757293939590454,18.1,35.8,-1.757293939590454
2019-06-17,0.0,1.757293939590454,19.0,36.8,-1.757293939590454
2019-06-18,0.0,0.0,16.8,35.0,0.0
2019-06-19,0.7,0.0,18.8,35.3,0.7
2019-06-20,0.0,1.757293939590454,16.6,34.7,-1.757293939590454
2019-06-21,1.5,0.0,17.0,,1.5
2019-06-22,0.0,0.0,,35.0,0.0
2019-06-23,0.0,0.0,18.0,35.3,0.0
2019-06-24,0.0,0.0,17.5,35.3,0.0
2019-06-25,0.0,0.0,17.4,35.1,0.0
2019-06-26,0.0,0.0,15.3,35.3,0.0
2019-06-27,0.0,0.0,16.0,34.2,0.0
2019-06-28,0.0,0.0,18.8,33.2,0.0
2019-06-29,0.0,0.0,16.8,32.6,0.0
2019-06-30,0.0,0.0,18.3,31.4,0.0
2019-07-01,0.0,0.0,14.2,32.4,0.0
2019-07-02,0.0,0.0,15.0,33.8,0.0
2019-07-03,4.7,3.5329997539520264,16.7,32.7,1.1670002460479738
2019-07-04,0.0,3.5329997539520264,13.4,32.7,-3.5329997539520264
2019-07-05,2.2,0.0,16.1,31.7,2.2
2019-07-06,0.0,0.0,15.1,35.0,0.0
2019-07-07,13.3,0.0,17.8,34.6,13.3
2019-07-08,2.3,7.796833515167236,15.0,31.2,-5.4968335151672365
2019-07-09,0.0,7.796833515167236,15.2,32.3,-7.796833515167236
2019-07-10,0.0,0.0,15.4,32.7,0.0
2019-07-11,11.0,0.0,18.6,33.6,11.0
2019-07-12,0.2,0.0,14.8,28.5,0.2
2019-07-13,0.0,0.0,15.7,32.0,0.0
2019-07-14,0.0,0.0,14.8,31.7,0.0
2019-07-15,0.0,0.0,14.6,32.9,0.0
2019-07-16,8.1,8.444887161254883,16.8,31.5,-0.34488716125488317
2019-07-17,0.2,8.444887161254883,15.6,33.4,-8.244887161254884
2019-07-18,0.2,0.0,16.3,32.9,0.2
2019-07-19,12.9,0.0,16.7,32.3,12.9
2019-07-20,0.3,0.0,15.4,31.6,0.3
2019-07-21,0.0,0.0,17.3,30.8,0.0
2019-07-22,2.8,6.708419322967529,16.9,33.0,-3.9084193229675295
2019-07-23,6.2,6.708419322967529,14.8,30.0,-0.5084193229675291
2019-07-24,17.2,0.0,15.1,26.2,17.2
2019-07-25,0.0,6.708419322967529,14.5,30.9,-6.708419322967529
2019-07-26,0.0,0.0,12.4,32.2,0.0
2019-07-27,0.0,0.0,15.0,32.0,0.0
2019-07-28,0.7,1.388427734375,18.3,33.0,-0.688427734375
2019-07-29,0.3,2.77685546875,15.2,32.2,-2.47685546875
2019-07-30,0.0,0.0,15.3,31.5,0.0
2019-07-31,0.0,1.388427734375,16.3,32.3,-1.388427734375
2019-08-01,0.0,0.0,14.8,32.2,0.0
2019-08-02,0.0,0.0,14.6,34.0,0.0
2019-08-03,0.0,0.0,14.6,34.0,0.0
2019-08-04,0.5,4.0181379318237305,16.8,30.7,-3.5181379318237305
2019-08-05,0.0,0.0,15.6,33.2,0.0
2019-08-06,1.6,0.0,16.3,34.6,1.6
2019-08-07,8.0,5.67257022857666,15.6,32.9,2.32742977142334
2019-08-08,16.7,0.0,17.5,32.1,16.7
2019-08-09,0.0,11.34514045715332,14.7,31.4,-11.34514045715332
2019-08-10,0.0,0.0,16.1,34.0,0.0
2019-08-11,0.0,3.3464226722717285,17.0,33.2,-3.3464226722717285
2019-08-12,1.2,0.0,17.5,33.8,1.2
2019-08-13,0.0,0.0,15.0,35.8,0.0
2019-08-14,0.0,3.3464226722717285,16.8,34.5,-3.3464226722717285
2019-08-15,12.7,0.0,15.0,33.1,12.7
2019-08-16,2.5,0.0,16.6,32.7,2.5
2019-08-17,0.0,0.0,16.0,32.9,0.0
2019-08-18,6.5,7.819121837615967,18.8,33.9,-1.3191218376159668
2019-08-19,3.3,23.457365036010746,17.3,33.0,-20.157365036010745
2019-08-20,2.4,0.0,16.0,32.1,2.4
2019-08-21,0.0,0.0,15.5,32.5,0.0
2019-08-22,1.6,8.055408477783203,16.5,29.9,-6.4554084777832035
2019-08-23,1.3,8.055408477783203,16.2,31.1,-6.755408477783203
2019-08-24,16.3,8.055408477783203,16.1,30.6,8.244591522216798
2019-08-25,4.2,8.055408477783203,15.7,30.9,-3.855408477783203
2019-08-26,0.0,10.15939235687256,16.3,32.7,-10.15939235687256
2019-08-27,0.0,0.0,15.0,31.2,0.0
2019-08-28,0.0,0.0,14.0,31.8,0.0
2019-08-29,0.4,3.3864641189575195,13.6,30.8,-2.9864641189575196
2019-08-30,2.0,3.3864641189575195,13.3,31.1,-1.3864641189575195
2019-08-31,9.4,0.0,15.3,31.0,9.4
2019-09-01,10.1,7.512118339538574,13.4,31.2,2.5878816604614254
2019-09-02,6.5,7.512118339538574,13.2,29.0,-1.0121183395385742
2019-09-03,0.0,0.0,13.3,29.0,0.0
2019-09-04,0.0,0.0,13.3,27.8,0.0
2019-09-05,11.8,0.0,14.0,28.3,11.8
2019-09-06,3.2,0.0,15.4,28.4,3.2
2019-09-07,0.0,8.21420955657959,15.6,27.0,-8.21420955657959
2019-09-08,0.0,8.21420955657959,16.3,29.5,-8.21420955657959
2019-09-09,0.0,0.0,13.9,29.8,0.0
2019-09-10,6.0,0.0,14.8,31.0,6.0
2019-09-11,0.0,0.0,15.5,30.1,0.0
2019-09-12,17.1,0.0,14.0,30.4,17.1
2019-09-13,1.0,8.032449722290039,14.6,27.5,-7.032449722290039
2019-09-14,0.0,0.0,16.5,30.0,0.0
2019-09-15,0.0,0.0,13.4,30.1,0.0
2019-09-16,0.0,0.0,13.3,30.8,0.0
2019-09-17,0.0,0.0,14.0,32.0,0.0
2019-09-18,0.0,5.0626606941223145,14.2,31.8,-5.0626606941223145
2019-09-19,2.1,0.0,15.0,31.6,2.1
2019-09-20,0.0,0.0,16.0,29.5,0.0
2019-09-21,4.7,4.816997528076172,14.3,31.0,-0.1169975280761717
2019-09-22,0.0,4.816997528076172,14.2,32.3,-4.816997528076172
2019-09-23,8.0,0.0,15.3,30.9,8.0
2019-09-24,0.0,0.0,14.5,30.0,0.0
2019-09-25,0.3,0.0,15.2,30.4,0.3
2019-09-26,0.8,7.811685085296631,14.5,30.2,-7.011685085296631
2019-09-27,0.0,7.811685085296631,13.9,30.8,-7.811685085296631
2019-09-28,11.2,7.811685085296631,14.9,31.0,3.3883149147033684
2019-09-29,12.3,0.0,13.7,28.2,12.3
2019-09-30,1.2,7.811685085296631,17.0,27.6,-6.611685085296631
2019-10-01,0.0,0.0,14.3,31.0,0.0
2019-10-02,7.2,0.0,14.2,30.3,7.2
2019-10-03,0.0,7.303138732910156,13.8,29.6,-7.303138732910156
2019-10-04,0.0,0.0,13.8,29.8,0.0
2019-10-05,0.0,0.0,13.5,31.0,0.0
2019-10-06,0.0,0.0,11.3,30.5,0.0
2019-10-07,0.0,0.0,13.0,29.0,0.0
2019-10-08,0.0,0.0,10.8,30.4,0.0
2019-10-09,0.0,0.0,11.0,31.5,0.0
2019-10-10,0.0,0.0,14.7,31.8,0.0
2019-10-11,4.2,0.0,15.6,31.5,4.2
2019-10-12,0.0,5.50373649597168,15.1,25.0,-5.50373649597168
2019-10-13,0.4,0.0,11.9,28.4,0.4
2019-10-14,0.1,0.0,13.1,31.1,0.1
2019-10-15,0.0,0.0,14.0,32.2,0.0
2019-10-16,0.0,0.0,13.7,31.8,0.0
2019-10-17,0.0,0.0,11.4,30.0,0.0
2019-10-18,0.0,0.0,12.3,31.8,0.0
2019-10-19,0.0,0.0,10.7,29.9,0.0
2019-10-20,0.4,0.0,11.7,29.2,0.4
2019-10-21,0.0,0.0,14.2,30.2,0.0
2019-10-22,0.0,0.0,11.3,31.2,0.0
2019-10-23,0.0,0.0,13.0,29.5,0.0
2019-10-24,0.0,0.0,14.4,31.3,0.0
2019-10-25,0.0,0.0,12.6,23.1,0.0
2019-10-26,0.0,0.0,5.4,29.0,0.0
2019-10-27,0.0,0.0,10.2,30.0,0.0
2019-10-28,0.0,0.0,10.3,29.6,0.0
2019-10-29,0.0,0.0,10.2,30.1,0.0
2019-10-30,0.0,0.0,11.6,30.0,0.0
2019-10-31,0.0,0.0,7.7,25.4,0.0
2019-11-01,0.0,0.0,7.9,30.6,0.0
2019-11-02,2.4,0.0,10.5,28.2,2.4
2019-11-03,1.9,0.0,12.3,28.3,1.9
2019-11-04,0.0,2.3520007133483887,10.6,28.6,-2.3520007133483887
2019-11-05,0.0,0.0,11.5,27.8,0.0
2019-11-06,2.5,1.2484142780303955,10.0,29.4,1.2515857219696045
2019-11-07,0.0,1.2484142780303955,11.0,28.5,-1.2484142780303955
2019-11-08,0.0,0.0,14.3,27.2,0.0
2019-11-09,0.0,0.0,13.4,29.0,0.0
2019-11-10,0.0,0.0,10.0,30.9,0.0
2019-11-11,0.0,0.5038419961929321,10.7,26.9,-0.5038419961929321
2019-11-12,13.6,2.836097478866577,11.8,20.0,10.763902521133422
2019-11-13,0.5,3.3967108726501465,6.5,18.7,-2.8967108726501465
2019-11-14,0.0,0.0088767558336257,2.2,21.9,-0.0088767558336257
2019-11-15,0.0,0.0031303148716688,5.7,21.9,-0.0031303148716688
2019-11-16,0.0,0.0,5.3,25.1,0.0
2019-11-17,0.5,1.4278675317764282,11.2,17.5,-0.9278675317764282
2019-11-18,0.0,0.7139337658882141,10.5,23.0,-0.7139337658882141
2019-11-19,0.0,0.0,7.5,28.5,0.0
2019-11-20,0.0,0.7139337658882141,10.0,24.3,-0.7139337658882141
2019-11-21,0.0,0.6937299966812134,11.5,26.1,-0.6937299966812134
2019-11-22,0.0,0.6937299966812134,8.6,28.4,-0.6937299966812134
2019-11-23,0.0,0.0,3.8,29.1,0.0
2019-11-24,0.0,0.0,4.1,28.1,0.0
2019-11-25,0.0,0.0,3.4,26.9,0.0
2019-11-26,0.0,0.686221182346344,11.0,23.5,-0.686221182346344
2019-11-27,0.0,0.0,10.4,26.0,0.0
2019-11-28,0.0,2.0586633682250977,11.4,16.2,-2.0586633682250977
2019-11-29,0.0,0.686221182346344,5.5,26.5,-0.686221182346344
2019-11-30,0.0,0.0,6.7,28.2,0.0
2019-12-01,0.0,0.0,4.5,29.2,0.0
2019-12-02,0.0,0.0,4.0,29.5,0.0
2019-12-03,0.0,0.0,3.3,31.0,0.0
2019-12-04,0.0,0.0,2.8,28.8,0.0
2019-12-05,0.0,0.0,3.3,29.0,0.0
2019-12-06,0.0,0.0,4.1,27.7,0.0
2019-12-07,0.0,0.0,4.1,29.5,0.0
2019-12-08,0.0,0.0,5.5,30.1,0.0
2019-12-09,0.0,0.0,6.7,26.1,0.0
2019-12-10,0.0,0.0,6.5,26.0,0.0
2019-12-11,0.0,0.0,3.3,20.8,0.0
2019-12-12,0.0,0.0,2.8,26.2,0.0
2019-12-13,0.0,0.0,1.1,25.9,0.0
2019-12-14,0.0,0.0,0.4,30.5,0.0
2019-12-15,0.0,0.0,4.3,26.0,0.0
2019-12-16,0.0,0.0,8.9,25.5,0.0
2019-12-17,0.0,0.0,0.9,22.8,0.0
2019-12-18,0.0,0.0,-0.5,14.5,0.0
2019-12-19,0.0,0.0,0.2,21.8,0.0
2019-12-20,0.1,0.0,10.1,21.3,0.1
2019-12-21,0.0,0.0,7.9,13.6,0.0
2019-12-22,0.0,0.0,4.5,20.6,0.0
2019-12-23,0.0,0.0,1.1,23.8,0.0
2019-12-24,0.0,0.0,3.3,22.9,0.0
2019-12-25,0.0,3.369095087051392,3.4,25.1,-3.369095087051392
2019-12-26,0.0,0.0,3.7,21.7,0.0
2019-12-27,0.0,0.0,3.1,22.5,0.0
2019-12-28,0.0,0.0,9.7,15.0,0.0
2019-12-29,0.0,2.05867862701416,6.1,23.6,-2.05867862701416
2019-12-30,0.0,0.0,-1.7,23.9,0.0
2019-12-31,,0.0,2.6,,
2020-01-01,33.2,25.169050216674805,8.8,9.1,8.030949783325198
2020-01-02,0.0,0.0,1.5,15.1,0.0
2020-01-03,0.0,0.0,0.4,17.1,0.0
2020-01-04,0.0,0.0,-2.4,18.2,0.0
2020-01-05,0.0,0.0,-2.6,22.6,0.0
2020-01-06,0.0,0.0,-1.5,24.3,0.0
2020-01-07,0.0,0.0,1.7,24.5,0.0
2020-01-08,0.0,0.0,2.0,21.8,0.0
2020-01-09,0.0,0.0,6.0,24.7,0.0
2020-01-10,0.0,0.0,6.8,23.9,0.0
2020-01-11,0.0,0.0,-0.5,21.8,0.0
2020-01-12,0.0,0.0,-2.9,26.0,0.0
2020-01-13,0.0,0.0,9.5,24.8,0.0
2020-01-14,0.0,0.0,4.5,27.0,0.0
2020-01-15,0.0,0.0,5.4,24.1,0.0
2020-01-16,0.0,2.619535207748413,5.8,26.6,-2.619535207748413
2020-01-17,0.4,2.619535207748413,10.0,20.5,-2.219535207748413
2020-01-18,0.0,0.0,4.6,26.0,0.0
2020-01-19,0.0,0.0,5.8,26.3,0.0
2020-01-20,0.0,2.619535207748413,6.5,26.1,-2.619535207748413
2020-01-21,0.0,0.0,6.0,25.0,0.0
2020-01-22,0.0,0.0,8.4,17.2,0.0
2020-01-23,0.0,0.0,3.8,24.6,0.0
2020-01-24,0.0,0.0,3.3,24.3,0.0
2020-01-25,0.0,2.26292371749878,12.5,16.5,-2.26292371749878
2020-01-26,0.0,1.3822927474975586,8.3,20.9,-1.3822927474975586
2020-01-27,0.0,0.0,1.5,25.4,0.0
2020-01-28,0.0,0.0,1.9,23.0,0.0
2020-01-29,0.0,0.0,0.7,23.1,0.0
2020-01-30,0.0,4.146878242492676,5.1,16.9,-4.146878242492676
2020-01-31,0.0,1.3822927474975586,-1.5,18.6,-1.3822927474975586
2020-02-01,1.7,2.105431079864502,2.9,16.5,-0.405431079864502
2020-02-02,17.6,1.052715539932251,6.5,15.0,16.54728446006775
2020-02-03,0.0,1.052715539932251,7.9,18.0,-1.052715539932251
2020-02-04,0.0,0.0,7.0,18.6,0.0
2020-02-05,0.0,0.0,9.1,17.5,0.0
2020-02-06,0.0,0.0,5.0,24.1,0.0
2020-02-07,0.0,0.0,0.9,28.1,0.0
2020-02-08,0.0,0.0,2.0,27.0,0.0
2020-02-09,0.0,0.0,7.3,25.5,0.0
2020-02-10,0.0,0.0,8.5,22.9,0.0
2020-02-11,0.2,0.0,7.5,24.8,0.2
2020-02-12,0.0,0.0,6.3,22.9,0.0
2020-02-13,0.0,0.0,-0.2,23.2,0.0
2020-02-14,0.0,0.0,-1.1,26.2,0.0
2020-02-15,0.0,0.0,7.3,27.6,0.0
2020-02-16,0.0,0.0,8.3,30.5,0.0
2020-02-17,0.0,0.5325468182563782,13.5,30.7,-0.5325468182563782
2020-02-18,0.0,0.0,11.5,32.6,0.0
2020-02-19,0.0,0.0,8.8,31.3,0.0
2020-02-20,0.0,0.0,6.8,30.4,0.0
2020-02-21,0.0,0.0,8.8,27.2,0.0
2020-02-22,0.0,0.0,10.0,29.0,0.0
2020-02-23,0.0,0.0,9.0,25.5,0.0
2020-02-24,0.0,0.0,8.3,27.5,0.0
2020-02-25,0.0,0.5664948225021362,10.4,28.0,-0.5664948225021362
2020-02-26,0.0,0.0,5.0,19.3,0.0
2020-02-27,0.0,0.0,2.5,25.0,0.0
2020-02-28,0.0,0.0,3.2,26.2,0.0
2020-02-29,0.0,0.0,5.5,30.3,0.0
2020-03-01,0.0,0.5185670256614685,10.0,28.2,-0.5185670256614685
2020-03-02,,0.0,7.4,,
2020-03-03,0.0,0.0,,22.6,0.0
2020-03-04,0.0,0.0,10.4,25.0,0.0
2020-03-05,0.0,0.0,4.0,22.2,0.0
2020-03-06,0.0,0.0,5.5,25.6,0.0
2020-03-07,1.6,0.0,11.6,29.0,1.6
2020-03-08,0.0,0.5834780335426331,11.0,24.5,-0.5834780335426331
2020-03-09,0.0,0.0,13.7,25.9,0.0
2020-03-10,0.0,1.166956067085266,13.4,27.0,-1.166956067085266
2020-03-11,0.0,0.1896157562732696,13.5,29.3,-0.1896157562732696
2020-03-12,0.0,0.3792315125465393,12.5,29.4,-0.3792315125465393
2020-03-13,0.0,0.0,9.9,30.0,0.0
2020-03-14,0.0,0.0,8.7,33.6,0.0
2020-03-15,0.0,0.0,9.0,31.6,0.0
2020-03-16,0.0,0.0,12.2,29.8,0.0
2020-03-17,0.0,0.0,8.5,30.0,0.0
2020-03-18,0.0,0.0,11.3,28.0,0.0
2020-03-19,0.0,0.0,9.8,27.3,0.0
2020-03-20,0.0,0.0,9.5,31.5,0.0
2020-03-21,0.0,0.0,10.2,32.0,0.0
2020-03-22,0.0,0.0,12.5,32.0,0.0
2020-03-23,0.0,0.0,13.4,34.6,0.0
2020-03-24,0.0,0.0,11.3,37.2,0.0
2020-03-25,0.0,0.0,11.8,36.7,0.0
2020-03-26,0.0,0.0,14.2,35.9,0.0
2020-03-27,0.0,0.0,15.6,31.0,0.0
2020-03-28,0.0,0.0,13.8,31.0,0.0
2020-03-29,0.0,0.0,10.6,32.4,0.0
2020-03-30,0.0,0.0,13.3,29.9,0.0
2020-03-31,0.0,0.0,10.2,32.6,0.0
2020-04-01,0.0,0.0,14.5,30.3,0.0
2020-04-02,0.0,0.0,10.2,29.9,0.0
2020-04-03,0.0,0.0,9.9,30.1,0.0
2020-04-04,0.0,0.0,11.2,31.0,0.0
2020-04-05,0.0,0.6417921781539917,11.4,31.5,-0.6417921781539917
2020-04-06,0.0,0.0,11.5,29.9,0.0
2020-04-07,0.0,0.5342108607292175,12.5,32.5,-0.5342108607292175
2020-04-08,0.0,0.0,14.4,32.1,0.0
2020-04-09,0.0,0.5342108607292175,15.4,30.9,-0.5342108607292175
2020-04-10,0.0,0.0,12.8,28.2,0.0
2020-04-11,0.0,0.6961570978164673,10.9,29.0,-0.6961570978164673
2020-04-12,0.0,0.0,13.0,23.5,0.0
2020-04-13,0.0,0.0,6.8,29.2,0.0
2020-04-14,0.0,0.0,7.0,33.0,0.0
2020-04-15,0.0,0.0,11.8,32.1,0.0
2020-04-16,0.0,0.0,9.7,31.5,0.0
2020-04-17,0.0,0.0,12.8,30.7,0.0
2020-04-18,0.0,0.0,14.8,31.0,0.0
2020-04-19,0.0,0.0,13.8,31.5,0.0
2020-04-20,0.0,0.0,13.0,35.1,0.0
2020-04-21,0.0,0.0,11.5,37.2,0.0
2020-04-22,0.0,0.0,16.5,33.8,0.0
2020-04-23,0.0,0.0,10.7,32.8,0.0
2020-04-24,0.0,0.0,12.3,34.4,0.0
2020-04-25,0.0,0.0,10.0,35.6,0.0
2020-04-26,0.0,0.0,11.7,34.9,0.0
2020-04-27,0.0,0.0,13.0,33.5,0.0
2020-04-28,0.0,0.0,13.4,34.0,0.0
2020-04-29,0.0,0.0,11.3,34.7,0.0
2020-04-30,0.0,0.0,15.3,33.6,0.0
2020-05-01,0.0,0.0,17.0,34.3,0.0
2020-05-02,0.0,0.0,14.7,35.0,0.0
2020-05-03,1.3,0.0,17.2,34.1,1.3
2020-05-04,0.2,1.7667452096939087,13.0,32.8,-1.5667452096939087
2020-05-05,3.6,1.7667452096939087,13.9,35.0,1.8332547903060914
2020-05-06,0.0,0.0,12.8,32.1,0.0
2020-05-07,0.0,0.0,14.2,33.0,0.0
2020-05-08,0.0,0.0,17.4,29.8,0.0
2020-05-09,0.0,0.0,10.1,31.0,0.0
2020-05-10,0.0,0.0,11.8,33.4,0.0
2020-05-11,0.0,0.0,13.7,30.9,0.0
2020-05-12,0.0,0.0,13.3,32.5,0.0
2020-05-13,0.0,0.0,13.6,32.9,0.0
2020-05-14,0.0,0.0,13.5,33.3,0.0
2020-05-15,0.0,0.0,13.4,31.5,0.0
2020-05-16,0.0,0.0,12.6,32.0,0.0
2020-05-17,0.0,0.0,14.8,34.0,0.0
2020-05-18,0.0,0.0,16.0,36.6,0.0
2020-05-19,0.0,0.0,16.0,33.8,0.0
2020-05-20,0.0,0.0,15.7,33.8,0.0
2020-05-21,0.0,0.5401659607887268,14.4,33.7,-0.5401659607887268
2020-05-22,0.0,0.2284457236528396,15.0,34.2,-0.2284457236528396
2020-05-23,0.0,0.2751127779483795,14.5,35.0,-0.2751127779483795
2020-05-24,0.0,0.0725002810359001,15.0,34.1,-0.0725002810359001
2020-05-25,0.0,0.0948867872357368,14.4,34.5,-0.0948867872357368
2020-05-26,0.0,0.0,15.9,34.1,0.0
2020-05-27,0.0,0.0,15.4,35.3,0.0
2020-05-28,0.0,3.343797206878662,14.2,35.1,-3.343797206878662
2020-05-29,0.0,0.0,14.1,31.4,0.0
2020-05-30,0.0,0.0,14.2,30.2,0.0
2020-05-31,0.0,0.0,11.8,31.5,0.0
2020-06-01,0.0,0.2186560183763504,14.2,31.7,-0.2186560183763504
2020-06-02,0.0,0.645548939704895,14.8,35.1,-0.645548939704895
2020-06-03,0.0,0.0,15.5,35.0,0.0
2020-06-04,0.0,0.0,15.8,35.9,0.0
2020-06-05,0.0,7.539692433056189e-06,17.0,36.9,-7.539692433056189e-06
2020-06-06,0.0,0.0,16.3,36.6,0.0
2020-06-07,0.0,0.8297505378723145,18.9,36.7,-0.8297505378723145
2020-06-08,0.0,0.8297505378723145,14.6,36.1,-0.8297505378723145
2020-06-09,0.0,0.0,16.1,36.8,0.0
2020-06-10,0.0,0.0,17.8,33.0,0.0
2020-06-11,2.4,1.5157800912857056,18.4,33.5,0.8842199087142943
2020-06-12,0.0,0.5586096048355103,16.9,32.6,-0.5586096048355103
2020-06-13,0.0,0.0328146107494831,14.3,33.0,-0.0328146107494831
2020-06-14,0.0,0.0784166604280471,14.4,33.1,-0.0784166604280471
2020-06-15,0.0,0.014826544560492,13.7,34.0,-0.014826544560492
2020-06-16,0.0,0.0,15.3,34.8,0.0
2020-06-17,0.0,0.0,18.2,35.7,0.0
2020-06-18,1.4,0.0,20.7,35.2,1.4
2020-06-19,0.4,0.0,15.4,35.6,0.4
2020-06-20,4.4,1.6658248901367188,16.2,35.8,2.7341751098632816
2020-06-21,0.0,2.9341039657592773,15.5,33.5,-2.9341039657592773
2020-06-22,6.3,1.467051982879639,18.9,34.1,4.832948017120361
2020-06-23,0.0,1.467051982879639,17.7,35.6,-1.467051982879639
2020-06-24,0.9,0.0,15.5,32.3,0.9
2020-06-25,7.6,0.0,13.0,30.7,7.6
2020-06-26,10.5,3.6820785999298096,15.9,30.3,6.81792140007019
2020-06-27,5.5,5.523118019104004,15.9,28.4,-0.023118019104003906
2020-06-28,3.4,1.8410392999649048,15.3,30.2,1.5589607000350951
2020-06-29,0.0,1.8410392999649048,16.3,31.0,-1.8410392999649048
2020-06-30,0.0,3.6820785999298096,18.5,32.1,-3.6820785999298096
2020-07-01,6.2,2.0854756832122803,17.0,30.9,4.11452431678772
2020-07-02,6.0,6.25642728805542,15.8,29.7,-0.2564272880554199
2020-07-03,0.0,0.0,14.8,31.0,0.0
2020-07-04,0.2,0.0,15.7,33.1,0.2
2020-07-05,0.0,0.0,16.6,34.8,0.0
2020-07-06,0.0,0.0,17.2,34.2,0.0
2020-07-07,4.4,0.0,16.9,34.5,4.4
2020-07-08,0.7,0.0,16.5,31.6,0.7
2020-07-09,4.0,4.610129356384277,17.0,29.7,-0.6101293563842773
2020-07-10,0.8,6.915194511413574,15.7,32.4,-6.115194511413574
2020-07-11,0.0,0.0,15.7,32.4,0.0
2020-07-12,0.0,0.0,15.0,30.8,0.0
2020-07-13,0.0,0.0,18.0,35.1,0.0
2020-07-14,0.6,0.0,18.0,35.2,0.6
2020-07-15,0.4,5.36510705947876,20.4,33.7,-4.965107059478759
2020-07-16,0.0,0.6572559475898743,17.2,33.9,-0.6572559475898743
2020-07-17,3.4,3.376227855682373,15.8,31.6,0.023772144317626864
2020-07-18,0.2,1.3279539346694946,14.2,30.6,-1.1279539346694947
2020-07-19,2.0,1.5386806726455688,16.6,31.5,0.46131932735443115
2020-07-20,3.4,1.5453705787658691,15.0,30.0,1.8546294212341308
2020-07-21,2.0,3.2023825645446777,16.7,31.1,-1.2023825645446777
2020-07-22,0.0,3.2023825645446777,14.2,31.2,-3.2023825645446777
2020-07-23,6.2,6.404765129089356,15.8,30.9,-0.20476512908935618
2020-07-24,0.2,3.2023825645446777,15.2,30.5,-3.0023825645446776
2020-07-25,0.0,3.2023825645446777,14.6,30.8,-3.2023825645446777
2020-07-26,20.7,11.200968742370604,16.9,29.9,9.499031257629396
2020-07-27,95.3,11.200968742370604,16.1,24.9,84.09903125762939
2020-07-28,23.1,0.0,15.8,25.0,23.1
2020-07-29,57.1,11.200968742370604,14.7,29.2,45.899031257629396
2020-07-30,1.2,22.40193748474121,15.2,27.7,-21.20193748474121
2020-07-31,0.0,22.40193748474121,17.1,27.5,-22.40193748474121
2020-08-01,0.0,2.052551031112671,16.4,29.1,-2.052551031112671
2020-08-02,0.0,2.052551031112671,15.0,28.3,-2.052551031112671
2020-08-03,0.0,0.0,12.8,29.6,0.0
2020-08-04,0.0,0.0,12.7,30.8,0.0
2020-08-05,0.0,0.0,14.4,31.8,0.0
2020-08-06,0.0,0.0,13.8,33.0,0.0
2020-08-07,0.0,0.0,16.9,31.8,0.0
2020-08-08,0.1,0.0,16.1,31.7,0.1
2020-08-09,0.0,3.5353434085845947,16.0,31.1,-3.5353434085845947
2020-08-10,3.4,0.0,14.5,32.2,3.4
2020-08-11,3.4,0.0,14.5,32.0,3.4
2020-08-12,0.0,0.0,14.0,32.9,0.0
2020-08-13,0.2,0.0,15.6,33.1,0.2
2020-08-14,0.1,0.0,15.4,32.3,0.1
2020-08-15,0.0,0.0,14.3,31.9,0.0
2020-08-16,0.0,0.0,15.0,31.2,0.0
2020-08-17,2.6,0.0,15.7,29.9,2.6
2020-08-18,43.2,23.277772903442383,16.0,27.8,19.92222709655762
2020-08-19,0.0,0.0,14.0,23.7,0.0
2020-08-20,0.0,0.0,13.7,29.8,0.0
2020-08-21,0.0,0.0,13.5,31.7,0.0
2020-08-22,0.0,0.0,14.2,32.7,0.0
2020-08-23,0.0,0.0,16.7,30.4,0.0
2020-08-24,0.0,0.0,12.6,29.4,0.0
2020-08-25,0.0,0.0,14.3,29.6,0.0
2020-08-26,3.4,0.0,17.7,28.7,3.4
2020-08-27,0.0,0.0,15.9,31.2,0.0
2020-08-28,0.0,0.0,15.9,31.8,0.0
2020-08-29,2.5,0.0,18.0,32.5,2.5
2020-08-30,4.4,10.23432445526123,15.4,32.3,-5.83432445526123
2020-08-31,0.0,0.0,17.4,32.0,0.0
2020-09-01,35.2,4.746992588043213,18.2,26.9,30.45300741195679
2020-09-02,2.3,0.0,15.2,29.6,2.3
2020-09-03,0.0,9.493985176086426,15.6,28.8,-9.493985176086426
2020-09-04,8.8,0.0,15.8,29.1,8.8
2020-09-05,0.5,4.746992588043213,14.2,25.9,-4.246992588043213
2020-09-06,7.0,0.0,16.0,25.0,7.0
2020-09-07,0.8,5.207675933837891,15.4,27.7,-4.407675933837891
2020-09-08,1.2,10.41535186767578,15.4,26.7,-9.21535186767578
2020-09-09,14.2,5.207675933837891,14.8,28.8,8.992324066162109
2020-09-10,32.4,10.41535186767578,16.3,26.7,21.984648132324217
2020-09-11,25.7,37.84539031982422,14.7,27.4,-12.14539031982422
2020-09-12,8.6,12.615129470825195,16.1,28.2,-4.015129470825196
2020-09-13,7.0,12.615129470825195,15.4,23.2,-5.615129470825195
2020-09-14,0.7,12.615129470825195,15.8,23.6,-11.915129470825196
2020-09-15,0.0,0.0,15.4,27.0,0.0
2020-09-16,0.0,0.4151295721530914,15.0,27.0,-0.4151295721530914
2020-09-17,1.0,0.937205970287323,15.6,26.8,0.062794029712677
2020-09-18,0.0,0.4130983054637909,15.5,24.0,-0.4130983054637909
2020-09-19,1.8,0.4253984093666076,13.4,24.5,1.3746015906333924
2020-09-20,0.0,0.7308219075202942,15.0,25.3,-0.7308219075202942
2020-09-21,0.0,0.0,14.5,26.6,0.0
2020-09-22,0.0,0.0,15.1,28.1,0.0
2020-09-23,0.0,0.0,10.4,28.2,0.0
2020-09-24,0.0,0.0,8.5,28.7,0.0
2020-09-25,0.0,0.0,9.6,29.7,0.0
2020-09-26,0.0,0.0,10.1,29.9,0.0
2020-09-27,0.0,0.0,9.3,30.2,0.0
2020-09-28,0.0,0.0,8.3,30.9,0.0
2020-09-29,0.0,0.0,14.8,24.3,0.0
2020-09-30,0.0,0.0,7.2,26.0,0.0
2020-10-01,0.0,0.0,8.0,28.4,0.0
2020-10-02,0.0,0.0,6.0,27.7,0.0
2020-10-03,0.0,0.0,6.8,27.4,0.0
2020-10-04,0.0,0.0,5.8,27.1,0.0
2020-10-05,0.0,0.0,6.5,27.2,0.0
2020-10-06,0.0,0.0,6.9,28.0,0.0
2020-10-07,0.0,0.0,6.4,28.6,0.0
2020-10-08,0.0,0.0,5.9,29.0,0.0
2020-10-09,0.0,0.0,5.8,28.6,0.0
2020-10-10,0.0,0.0,5.5,29.9,0.0
2020-10-11,0.0,0.0,6.7,30.7,0.0
2020-10-12,0.0,0.0,9.8,31.2,0.0
2020-10-13,0.0,0.0,14.0,29.0,0.0
2020-10-14,0.0,0.0,12.2,30.5,0.0
2020-10-15,0.0,0.0,9.0,30.4,0.0
2020-10-16,0.0,0.0,7.9,29.5,0.0
2020-10-17,0.0,0.0,9.5,30.0,0.0
2020-10-18,0.0,0.0,7.6,30.3,0.0
2020-10-19,0.0,0.0,7.5,31.0,0.0
2020-10-20,0.0,0.0,8.7,30.9,0.0
2020-10-21,0.0,0.0,10.3,31.0,0.0
2020-10-22,0.0,0.0,10.6,30.5,0.0
2020-10-23,0.0,0.0,11.0,30.7,0.0
2020-10-24,0.0,0.0,9.5,31.3,0.0
2020-10-25,0.0,0.0,9.5,31.6,0.0
2020-10-26,0.0,2.2699763774871826,12.3,31.6,-2.2699763774871826
2020-10-27,0.0,0.0,10.9,28.1,0.0
2020-10-28,0.0,0.6731995344161987,10.3,29.2,-0.6731995344161987
2020-10-29,0.0,2.585066067695152e-05,6.1,24.1,-2.585066067695152e-05
2020-10-30,0.0,0.0,4.6,27.1,0.0
2020-10-31,0.0,5.744824193243403e-06,5.4,29.3,-5.744824193243403e-06
2020-11-01,0.0,0.0,5.4,27.2,0.0
2020-11-02,0.0,0.0,4.9,25.7,0.0
2020-11-03,0.0,0.0,6.0,24.6,0.0
2020-11-04,0.0,0.0,5.0,27.1,0.0
2020-11-05,0.0,0.0,4.6,26.7,0.0
2020-11-06,0.0,0.0,3.3,27.1,0.0
2020-11-07,0.0,0.0,2.8,29.0,0.0
2020-11-08,0.0,0.0,8.4,28.0,0.0
2020-11-09,0.0,0.0,7.1,29.7,0.0
2020-11-10,0.0,0.0,8.2,30.0,0.0
2020-11-11,0.0,0.0,6.3,29.4,0.0
2020-11-12,0.0,0.0,4.4,28.6,0.0
2020-11-13,0.0,0.0,6.8,29.8,0.0
2020-11-14,0.0,0.0,8.2,29.1,0.0
2020-11-15,0.0,0.0,5.8,28.6,0.0
2020-11-16,0.0,0.0,7.2,28.2,0.0
2020-11-17,0.0,0.0,8.2,27.7,0.0
2020-11-18,0.0,0.0,7.2,26.6,0.0
2020-11-19,0.0,0.0,6.7,27.2,0.0
2020-11-20,0.0,0.0,5.5,28.5,0.0
2020-11-21,0.0,0.0,4.8,27.9,0.0
2020-11-22,0.0,0.0,4.1,27.0,0.0
2020-11-23,0.0,0.0,4.8,27.4,0.0
2020-11-24,0.0,0.0,7.0,27.7,0.0
2020-11-25,0.0,0.0,9.5,28.5,0.0
2020-11-26,0.0,0.0,10.4,30.6,0.0
2020-11-27,0.0,0.0,10.9,27.9,0.0
2020-11-28,0.0,0.0,8.9,28.6,0.0
2020-11-29,0.0,0.0,4.1,25.3,0.0
2020-11-30,0.0,0.0,2.5,20.1,0.0
2020-12-01,0.0,0.0,0.4,24.7,0.0
2020-12-02,0.0,2.016212224960327,4.6,25.5,-2.016212224960327
2020-12-03,0.0,0.0,4.0,22.5,0.0
2020-12-04,0.0,0.0,0.9,20.9,0.0
2020-12-05,0.0,0.0,2.6,24.2,0.0
2020-12-06,0.0,0.0,-2.5,16.3,0.0
2020-12-07,0.0,0.0,-3.5,19.6,0.0
2020-12-08,0.0,0.0,3.4,21.0,0.0
2020-12-09,0.0,0.0,4.1,25.6,0.0
2020-12-10,0.0,0.0,8.9,23.8,0.0
2020-12-11,0.0,2.988938570022583,10.1,23.0,-2.988938570022583
2020-12-12,0.0,0.0,6.1,24.5,0.0
2020-12-13,0.0,0.0,1.4,25.0,0.0
2020-12-14,0.0,0.0,-0.1,24.5,0.0
2020-12-15,0.0,0.0,1.3,23.3,0.0
2020-12-16,0.0,0.0,0.5,22.6,0.0
2020-12-17,0.0,0.0,-1.9,24.0,0.0
2020-12-18,0.0,0.0,2.4,22.9,0.0
2020-12-19,0.0,0.0,4.2,23.9,0.0
2020-12-20,0.0,0.0,0.9,21.1,0.0
2020-12-21,0.0,0.0,1.9,25.4,0.0
2020-12-22,0.0,0.0,3.9,25.5,0.0
2020-12-23,0.0,0.0,3.7,28.3,0.0
2020-12-24,0.0,0.0,4.8,18.5,0.0
2020-12-25,0.0,0.0,-1.5,21.4,0.0
2020-12-26,0.0,0.0,0.5,25.3,0.0
2020-12-27,0.0,0.0,0.3,27.4,0.0
2020-12-28,0.0,0.0,0.8,28.7,0.0
2020-12-29,0.0,0.0,3.0,24.9,0.0
2020-12-30,1.6,0.0,3.0,16.9,1.6
